"FIPS","LandingPageLink"
"55001","https://www.sco.wisc.edu/parcels/data-county/"
"55003","https://www.sco.wisc.edu/parcels/data-county/"
"55005","https://www.sco.wisc.edu/parcels/data-county/"
"55007","https://www.sco.wisc.edu/parcels/data-county/"
"55009","https://www.sco.wisc.edu/parcels/data-county/"
"55011","https://www.sco.wisc.edu/parcels/data-county/"
"55013","https://www.sco.wisc.edu/parcels/data-county/"
"55015","https://www.sco.wisc.edu/parcels/data-county/"
"55017","https://www.sco.wisc.edu/parcels/data-county/"
"55019","https://www.sco.wisc.edu/parcels/data-county/"
"55021","https://www.sco.wisc.edu/parcels/data-county/"
"55023","https://www.sco.wisc.edu/parcels/data-county/"
"55025","https://www.sco.wisc.edu/parcels/data-county/"
"55027","https://www.sco.wisc.edu/parcels/data-county/"
"55029","https://www.sco.wisc.edu/parcels/data-county/"
"55031","https://www.sco.wisc.edu/parcels/data-county/"
"55033","https://www.sco.wisc.edu/parcels/data-county/"
"55035","https://www.sco.wisc.edu/parcels/data-county/"
"55037","https://www.sco.wisc.edu/parcels/data-county/"
"55039","https://www.sco.wisc.edu/parcels/data-county/"
"55041","https://www.sco.wisc.edu/parcels/data-county/"
"55043","https://www.sco.wisc.edu/parcels/data-county/"
"55045","https://www.sco.wisc.edu/parcels/data-county/"
"55047","https://www.sco.wisc.edu/parcels/data-county/"
"55049","https://www.sco.wisc.edu/parcels/data-county/"
"55051","https://www.sco.wisc.edu/parcels/data-county/"
"55053","https://www.sco.wisc.edu/parcels/data-county/"
"55055","https://www.sco.wisc.edu/parcels/data-county/"
"55057","https://www.sco.wisc.edu/parcels/data-county/"
"55059","https://www.sco.wisc.edu/parcels/data-county/"
"55061","https://www.sco.wisc.edu/parcels/data-county/"
"55063","https://www.sco.wisc.edu/parcels/data-county/"
"55065","https://www.sco.wisc.edu/parcels/data-county/"
"55067","https://www.sco.wisc.edu/parcels/data-county/"
"55069","https://www.sco.wisc.edu/parcels/data-county/"
"55071","https://www.sco.wisc.edu/parcels/data-county/"
"55073","https://www.sco.wisc.edu/parcels/data-county/"
"55075","https://www.sco.wisc.edu/parcels/data-county/"
"55077","https://www.sco.wisc.edu/parcels/data-county/"
"55078","https://www.sco.wisc.edu/parcels/data-county/"
"55079","https://www.sco.wisc.edu/parcels/data-county/"
"55081","https://www.sco.wisc.edu/parcels/data-county/"
"55083","https://www.sco.wisc.edu/parcels/data-county/"
"55085","https://www.sco.wisc.edu/parcels/data-county/"
"55087","https://www.sco.wisc.edu/parcels/data-county/"
"55089","https://www.sco.wisc.edu/parcels/data-county/"
"55091","https://www.sco.wisc.edu/parcels/data-county/"
"55093","https://www.sco.wisc.edu/parcels/data-county/"
"55095","https://www.sco.wisc.edu/parcels/data-county/"
"55097","https://www.sco.wisc.edu/parcels/data-county/"
"55099","https://www.sco.wisc.edu/parcels/data-county/"
"55101","https://www.sco.wisc.edu/parcels/data-county/"
"55103","https://www.sco.wisc.edu/parcels/data-county/"
"55105","https://www.sco.wisc.edu/parcels/data-county/"
"55107","https://www.sco.wisc.edu/parcels/data-county/"
"55111","https://www.sco.wisc.edu/parcels/data-county/"
"55113","https://www.sco.wisc.edu/parcels/data-county/"
"55115","https://www.sco.wisc.edu/parcels/data-county/"
"55117","https://www.sco.wisc.edu/parcels/data-county/"
"55109","https://www.sco.wisc.edu/parcels/data-county/"
"55119","https://www.sco.wisc.edu/parcels/data-county/"
"55121","https://www.sco.wisc.edu/parcels/data-county/"
"55123","https://www.sco.wisc.edu/parcels/data-county/"
"55125","https://www.sco.wisc.edu/parcels/data-county/"
"55127","https://www.sco.wisc.edu/parcels/data-county/"
"55129","https://www.sco.wisc.edu/parcels/data-county/"
"55131","https://www.sco.wisc.edu/parcels/data-county/"
"55133","https://www.sco.wisc.edu/parcels/data-county/"
"55135","https://www.sco.wisc.edu/parcels/data-county/"
"55137","https://www.sco.wisc.edu/parcels/data-county/"
"55139","https://www.sco.wisc.edu/parcels/data-county/"
"55141","https://www.sco.wisc.edu/parcels/data-county/"
"02020","http://www.asgdc.state.ak.us/#2904"
"02068","http://www.asgdc.state.ak.us/#3019"
"02090","http://www.asgdc.state.ak.us/#2912"
"02100","http://www.asgdc.state.ak.us/#2905"
"02110","http://www.asgdc.state.ak.us/#2906"
"02122","http://www.asgdc.state.ak.us/#2907"
"02130","http://www.asgdc.state.ak.us/#2908"
"02150","http://www.asgdc.state.ak.us/#2909"
"02170","http://www.asgdc.state.ak.us/#2910"
"02185","http://www.asgdc.state.ak.us/#2911"
"02220","http://www.asgdc.state.ak.us/#2913"
"02230","http://www.asgdc.state.ak.us/#3020"
"02275","http://www.asgdc.state.ak.us/#2914"
"05001","https://gis.arkansas.gov/product/parcel-polygon-county-assessor-mapping-program-polygon/"
"05003","https://gis.arkansas.gov/product/parcel-polygon-county-assessor-mapping-program-polygon/"
"05005","https://gis.arkansas.gov/product/parcel-polygon-county-assessor-mapping-program-polygon/"
"05007","https://gis.arkansas.gov/product/parcel-polygon-county-assessor-mapping-program-polygon/"
"05009","https://gis.arkansas.gov/product/parcel-polygon-county-assessor-mapping-program-polygon/"
"05011","https://gis.arkansas.gov/product/parcel-polygon-county-assessor-mapping-program-polygon/"
"05013","https://gis.arkansas.gov/product/parcel-polygon-county-assessor-mapping-program-polygon/"
"05015","https://gis.arkansas.gov/product/parcel-polygon-county-assessor-mapping-program-polygon/"
"05017","https://gis.arkansas.gov/product/parcel-polygon-county-assessor-mapping-program-polygon/"
"05019","https://gis.arkansas.gov/product/parcel-polygon-county-assessor-mapping-program-polygon/"
"05021","https://gis.arkansas.gov/product/parcel-polygon-county-assessor-mapping-program-polygon/"
"05023","https://gis.arkansas.gov/product/parcel-polygon-county-assessor-mapping-program-polygon/"
"05025","https://gis.arkansas.gov/product/parcel-polygon-county-assessor-mapping-program-polygon/"
"05027","https://gis.arkansas.gov/product/parcel-polygon-county-assessor-mapping-program-polygon/"
"05029","https://gis.arkansas.gov/product/parcel-polygon-county-assessor-mapping-program-polygon/"
"05031","https://gis.arkansas.gov/product/parcel-polygon-county-assessor-mapping-program-polygon/"
"05033","https://gis.arkansas.gov/product/parcel-polygon-county-assessor-mapping-program-polygon/"
"05035","https://gis.arkansas.gov/product/parcel-polygon-county-assessor-mapping-program-polygon/"
"05037","https://gis.arkansas.gov/product/parcel-polygon-county-assessor-mapping-program-polygon/"
"05039","https://gis.arkansas.gov/product/parcel-polygon-county-assessor-mapping-program-polygon/"
"05041","https://gis.arkansas.gov/product/parcel-polygon-county-assessor-mapping-program-polygon/"
"05043","https://gis.arkansas.gov/product/parcel-polygon-county-assessor-mapping-program-polygon/"
"05045","https://gis.arkansas.gov/product/parcel-polygon-county-assessor-mapping-program-polygon/"
"05047","https://gis.arkansas.gov/product/parcel-polygon-county-assessor-mapping-program-polygon/"
"05051","https://gis.arkansas.gov/product/parcel-polygon-county-assessor-mapping-program-polygon/"
"05053","https://gis.arkansas.gov/product/parcel-polygon-county-assessor-mapping-program-polygon/"
"05055","https://gis.arkansas.gov/product/parcel-polygon-county-assessor-mapping-program-polygon/"
"05057","https://gis.arkansas.gov/product/parcel-polygon-county-assessor-mapping-program-polygon/"
"05059","https://gis.arkansas.gov/product/parcel-polygon-county-assessor-mapping-program-polygon/"
"05061","https://gis.arkansas.gov/product/parcel-polygon-county-assessor-mapping-program-polygon/"
"05063","https://gis.arkansas.gov/product/parcel-polygon-county-assessor-mapping-program-polygon/"
"05065","https://gis.arkansas.gov/product/parcel-polygon-county-assessor-mapping-program-polygon/"
"05067","https://gis.arkansas.gov/product/parcel-polygon-county-assessor-mapping-program-polygon/"
"05069","https://gis.arkansas.gov/product/parcel-polygon-county-assessor-mapping-program-polygon/"
"05071","https://gis.arkansas.gov/product/parcel-polygon-county-assessor-mapping-program-polygon/"
"05073","https://gis.arkansas.gov/product/parcel-polygon-county-assessor-mapping-program-polygon/"
"05075","https://gis.arkansas.gov/product/parcel-polygon-county-assessor-mapping-program-polygon/"
"05077","https://gis.arkansas.gov/product/parcel-polygon-county-assessor-mapping-program-polygon/"
"05079","https://gis.arkansas.gov/product/parcel-polygon-county-assessor-mapping-program-polygon/"
"05081","https://gis.arkansas.gov/product/parcel-polygon-county-assessor-mapping-program-polygon/"
"05083","https://gis.arkansas.gov/product/parcel-polygon-county-assessor-mapping-program-polygon/"
"05085","https://gis.arkansas.gov/product/parcel-polygon-county-assessor-mapping-program-polygon/"
"05087","https://gis.arkansas.gov/product/parcel-polygon-county-assessor-mapping-program-polygon/"
"05089","https://gis.arkansas.gov/product/parcel-polygon-county-assessor-mapping-program-polygon/"
"05091","https://gis.arkansas.gov/product/parcel-polygon-county-assessor-mapping-program-polygon/"
"05093","https://gis.arkansas.gov/product/parcel-polygon-county-assessor-mapping-program-polygon/"
"05095","https://gis.arkansas.gov/product/parcel-polygon-county-assessor-mapping-program-polygon/"
"05097","https://gis.arkansas.gov/product/parcel-polygon-county-assessor-mapping-program-polygon/"
"05099","https://gis.arkansas.gov/product/parcel-polygon-county-assessor-mapping-program-polygon/"
"05101","https://gis.arkansas.gov/product/parcel-polygon-county-assessor-mapping-program-polygon/"
"05103","https://gis.arkansas.gov/product/parcel-polygon-county-assessor-mapping-program-polygon/"
"05105","https://gis.arkansas.gov/product/parcel-polygon-county-assessor-mapping-program-polygon/"
"05107","https://gis.arkansas.gov/product/parcel-polygon-county-assessor-mapping-program-polygon/"
"05109","https://gis.arkansas.gov/product/parcel-polygon-county-assessor-mapping-program-polygon/"
"05111","https://gis.arkansas.gov/product/parcel-polygon-county-assessor-mapping-program-polygon/"
"05113","https://gis.arkansas.gov/product/parcel-polygon-county-assessor-mapping-program-polygon/"
"05115","https://gis.arkansas.gov/product/parcel-polygon-county-assessor-mapping-program-polygon/"
"05117","https://gis.arkansas.gov/product/parcel-polygon-county-assessor-mapping-program-polygon/"
"05119","https://gis.arkansas.gov/product/parcel-polygon-county-assessor-mapping-program-polygon/"
"05121","https://gis.arkansas.gov/product/parcel-polygon-county-assessor-mapping-program-polygon/"
"05123","https://gis.arkansas.gov/product/parcel-polygon-county-assessor-mapping-program-polygon/"
"05125","https://gis.arkansas.gov/product/parcel-polygon-county-assessor-mapping-program-polygon/"
"05127","https://gis.arkansas.gov/product/parcel-polygon-county-assessor-mapping-program-polygon/"
"05131","https://gis.arkansas.gov/product/parcel-polygon-county-assessor-mapping-program-polygon/"
"05133","https://gis.arkansas.gov/product/parcel-polygon-county-assessor-mapping-program-polygon/"
"05135","https://gis.arkansas.gov/product/parcel-polygon-county-assessor-mapping-program-polygon/"
"05137","https://gis.arkansas.gov/product/parcel-polygon-county-assessor-mapping-program-polygon/"
"05139","https://gis.arkansas.gov/product/parcel-polygon-county-assessor-mapping-program-polygon/"
"05141","https://gis.arkansas.gov/product/parcel-polygon-county-assessor-mapping-program-polygon/"
"05143","https://gis.arkansas.gov/product/parcel-polygon-county-assessor-mapping-program-polygon/"
"05145","https://gis.arkansas.gov/product/parcel-polygon-county-assessor-mapping-program-polygon/"
"05147","https://gis.arkansas.gov/product/parcel-polygon-county-assessor-mapping-program-polygon/"
"05149","https://gis.arkansas.gov/product/parcel-polygon-county-assessor-mapping-program-polygon/"
"06001","https://egis3.lacounty.gov/dataportal/2015/09/11/california-statewide-parcel-boundaries/"
"06003","https://egis3.lacounty.gov/dataportal/2015/09/11/california-statewide-parcel-boundaries/"
"06005","https://egis3.lacounty.gov/dataportal/2015/09/11/california-statewide-parcel-boundaries/"
"06007","https://egis3.lacounty.gov/dataportal/2015/09/11/california-statewide-parcel-boundaries/"
"06009","https://egis3.lacounty.gov/dataportal/2015/09/11/california-statewide-parcel-boundaries/"
"06013","https://egis3.lacounty.gov/dataportal/2015/09/11/california-statewide-parcel-boundaries/"
"06015","https://egis3.lacounty.gov/dataportal/2015/09/11/california-statewide-parcel-boundaries/"
"06017","https://egis3.lacounty.gov/dataportal/2015/09/11/california-statewide-parcel-boundaries/"
"06019","https://egis3.lacounty.gov/dataportal/2015/09/11/california-statewide-parcel-boundaries/"
"06021","https://egis3.lacounty.gov/dataportal/2015/09/11/california-statewide-parcel-boundaries/"
"06023","https://egis3.lacounty.gov/dataportal/2015/09/11/california-statewide-parcel-boundaries/"
"06025","https://egis3.lacounty.gov/dataportal/2015/09/11/california-statewide-parcel-boundaries/"
"06029","https://egis3.lacounty.gov/dataportal/2015/09/11/california-statewide-parcel-boundaries/"
"06031","https://egis3.lacounty.gov/dataportal/2015/09/11/california-statewide-parcel-boundaries/"
"06033","https://egis3.lacounty.gov/dataportal/2015/09/11/california-statewide-parcel-boundaries/"
"06035","https://egis3.lacounty.gov/dataportal/2015/09/11/california-statewide-parcel-boundaries/"
"06037","https://egis3.lacounty.gov/dataportal/2015/09/11/california-statewide-parcel-boundaries/"
"06039","https://egis3.lacounty.gov/dataportal/2015/09/11/california-statewide-parcel-boundaries/"
"06041","https://egis3.lacounty.gov/dataportal/2015/09/11/california-statewide-parcel-boundaries/"
"06045","https://egis3.lacounty.gov/dataportal/2015/09/11/california-statewide-parcel-boundaries/"
"06047","https://egis3.lacounty.gov/dataportal/2015/09/11/california-statewide-parcel-boundaries/"
"06051","https://egis3.lacounty.gov/dataportal/2015/09/11/california-statewide-parcel-boundaries/"
"06053","https://egis3.lacounty.gov/dataportal/2015/09/11/california-statewide-parcel-boundaries/"
"06055","https://egis3.lacounty.gov/dataportal/2015/09/11/california-statewide-parcel-boundaries/"
"06057","https://egis3.lacounty.gov/dataportal/2015/09/11/california-statewide-parcel-boundaries/"
"06059","https://egis3.lacounty.gov/dataportal/2015/09/11/california-statewide-parcel-boundaries/"
"06061","https://egis3.lacounty.gov/dataportal/2015/09/11/california-statewide-parcel-boundaries/"
"06065","https://egis3.lacounty.gov/dataportal/2015/09/11/california-statewide-parcel-boundaries/"
"06067","https://egis3.lacounty.gov/dataportal/2015/09/11/california-statewide-parcel-boundaries/"
"06069","https://egis3.lacounty.gov/dataportal/2015/09/11/california-statewide-parcel-boundaries/"
"06071","https://egis3.lacounty.gov/dataportal/2015/09/11/california-statewide-parcel-boundaries/"
"06073","https://egis3.lacounty.gov/dataportal/2015/09/11/california-statewide-parcel-boundaries/"
"06075","https://egis3.lacounty.gov/dataportal/2015/09/11/california-statewide-parcel-boundaries/"
"06077","https://egis3.lacounty.gov/dataportal/2015/09/11/california-statewide-parcel-boundaries/"
"06081","https://egis3.lacounty.gov/dataportal/2015/09/11/california-statewide-parcel-boundaries/"
"06083","https://egis3.lacounty.gov/dataportal/2015/09/11/california-statewide-parcel-boundaries/"
"06085","https://egis3.lacounty.gov/dataportal/2015/09/11/california-statewide-parcel-boundaries/"
"06087","https://egis3.lacounty.gov/dataportal/2015/09/11/california-statewide-parcel-boundaries/"
"06089","https://egis3.lacounty.gov/dataportal/2015/09/11/california-statewide-parcel-boundaries/"
"06091","https://egis3.lacounty.gov/dataportal/2015/09/11/california-statewide-parcel-boundaries/"
"06095","https://egis3.lacounty.gov/dataportal/2015/09/11/california-statewide-parcel-boundaries/"
"06097","https://egis3.lacounty.gov/dataportal/2015/09/11/california-statewide-parcel-boundaries/"
"06099","https://egis3.lacounty.gov/dataportal/2015/09/11/california-statewide-parcel-boundaries/"
"06101","https://egis3.lacounty.gov/dataportal/2015/09/11/california-statewide-parcel-boundaries/"
"06103","https://egis3.lacounty.gov/dataportal/2015/09/11/california-statewide-parcel-boundaries/"
"06105","https://egis3.lacounty.gov/dataportal/2015/09/11/california-statewide-parcel-boundaries/"
"06107","https://egis3.lacounty.gov/dataportal/2015/09/11/california-statewide-parcel-boundaries/"
"06109","https://egis3.lacounty.gov/dataportal/2015/09/11/california-statewide-parcel-boundaries/"
"06111","https://egis3.lacounty.gov/dataportal/2015/09/11/california-statewide-parcel-boundaries/"
"06113","https://egis3.lacounty.gov/dataportal/2015/09/11/california-statewide-parcel-boundaries/"
"06115","https://egis3.lacounty.gov/dataportal/2015/09/11/california-statewide-parcel-boundaries/"
"08001","https://gisftp.colorado.gov/#/State%20Data/OIT-GIS/ColoradoData/Cadastral/2019/PublicParcels2019/"
"08005","https://gisftp.colorado.gov/#/State%20Data/OIT-GIS/ColoradoData/Cadastral/2019/PublicParcels2019/"
"08007","https://gisftp.colorado.gov/#/State%20Data/OIT-GIS/ColoradoData/Cadastral/2019/PublicParcels2019/"
"08013","https://gisftp.colorado.gov/#/State%20Data/OIT-GIS/ColoradoData/Cadastral/2019/PublicParcels2019/"
"08014","https://gisftp.colorado.gov/#/State%20Data/OIT-GIS/ColoradoData/Cadastral/2019/PublicParcels2019/"
"08027","https://gisftp.colorado.gov/#/State%20Data/OIT-GIS/ColoradoData/Cadastral/2019/PublicParcels2019/"
"08031","https://gisftp.colorado.gov/#/State%20Data/OIT-GIS/ColoradoData/Cadastral/2019/PublicParcels2019/"
"08035","https://gisftp.colorado.gov/#/State%20Data/OIT-GIS/ColoradoData/Cadastral/2019/PublicParcels2019/"
"08037","https://gisftp.colorado.gov/#/State%20Data/OIT-GIS/ColoradoData/Cadastral/2019/PublicParcels2019/"
"08041","https://gisftp.colorado.gov/#/State%20Data/OIT-GIS/ColoradoData/Cadastral/2019/PublicParcels2019/"
"08045","https://gisftp.colorado.gov/#/State%20Data/OIT-GIS/ColoradoData/Cadastral/2019/PublicParcels2019/"
"08047","https://gisftp.colorado.gov/#/State%20Data/OIT-GIS/ColoradoData/Cadastral/2019/PublicParcels2019/"
"08049","https://gisftp.colorado.gov/#/State%20Data/OIT-GIS/ColoradoData/Cadastral/2019/PublicParcels2019/"
"08059","https://gisftp.colorado.gov/#/State%20Data/OIT-GIS/ColoradoData/Cadastral/2019/PublicParcels2019/"
"08065","https://gisftp.colorado.gov/#/State%20Data/OIT-GIS/ColoradoData/Cadastral/2019/PublicParcels2019/"
"08067","https://gisftp.colorado.gov/#/State%20Data/OIT-GIS/ColoradoData/Cadastral/2019/PublicParcels2019/"
"08069","https://gisftp.colorado.gov/#/State%20Data/OIT-GIS/ColoradoData/Cadastral/2019/PublicParcels2019/"
"08075","https://gisftp.colorado.gov/#/State%20Data/OIT-GIS/ColoradoData/Cadastral/2019/PublicParcels2019/"
"08077","https://gisftp.colorado.gov/#/State%20Data/OIT-GIS/ColoradoData/Cadastral/2019/PublicParcels2019/"
"08083","https://gisftp.colorado.gov/#/State%20Data/OIT-GIS/ColoradoData/Cadastral/2019/PublicParcels2019/"
"08087","https://gisftp.colorado.gov/#/State%20Data/OIT-GIS/ColoradoData/Cadastral/2019/PublicParcels2019/"
"08091","https://gisftp.colorado.gov/#/State%20Data/OIT-GIS/ColoradoData/Cadastral/2019/PublicParcels2019/"
"08097","https://gisftp.colorado.gov/#/State%20Data/OIT-GIS/ColoradoData/Cadastral/2019/PublicParcels2019/"
"08101","https://gisftp.colorado.gov/#/State%20Data/OIT-GIS/ColoradoData/Cadastral/2019/PublicParcels2019/"
"08103","https://gisftp.colorado.gov/#/State%20Data/OIT-GIS/ColoradoData/Cadastral/2019/PublicParcels2019/"
"08107","https://gisftp.colorado.gov/#/State%20Data/OIT-GIS/ColoradoData/Cadastral/2019/PublicParcels2019/"
"08113","https://gisftp.colorado.gov/#/State%20Data/OIT-GIS/ColoradoData/Cadastral/2019/PublicParcels2019/"
"08115","https://gisftp.colorado.gov/#/State%20Data/OIT-GIS/ColoradoData/Cadastral/2019/PublicParcels2019/"
"08123","https://gisftp.colorado.gov/#/State%20Data/OIT-GIS/ColoradoData/Cadastral/2019/PublicParcels2019/"
"09001","https://portal.ct.gov/DEEP/GIS-and-Maps/Data/GIS-DATA"
"09003","https://portal.ct.gov/DEEP/GIS-and-Maps/Data/GIS-DATA"
"09005","https://portal.ct.gov/DEEP/GIS-and-Maps/Data/GIS-DATA"
"09007","https://portal.ct.gov/DEEP/GIS-and-Maps/Data/GIS-DATA"
"09009","https://portal.ct.gov/DEEP/GIS-and-Maps/Data/GIS-DATA"
"09011","https://portal.ct.gov/DEEP/GIS-and-Maps/Data/GIS-DATA"
"09013","https://portal.ct.gov/DEEP/GIS-and-Maps/Data/GIS-DATA"
"09015","https://portal.ct.gov/DEEP/GIS-and-Maps/Data/GIS-DATA"
"11001","https://opendata.dc.gov/datasets/common-ownership-lots"
"10001","http://opendata.firstmap.delaware.gov/datasets/delaware-state-parcels"
"10003","http://opendata.firstmap.delaware.gov/datasets/delaware-state-parcels"
"10005","http://opendata.firstmap.delaware.gov/datasets/delaware-state-parcels"
"12001","https://www.fgdl.org/metadataexplorer/explorer.jsp"
"12003","https://www.fgdl.org/metadataexplorer/explorer.jsp"
"12005","https://www.fgdl.org/metadataexplorer/explorer.jsp"
"12007","https://www.fgdl.org/metadataexplorer/explorer.jsp"
"12009","https://www.fgdl.org/metadataexplorer/explorer.jsp"
"12011","https://www.fgdl.org/metadataexplorer/explorer.jsp"
"12013","https://www.fgdl.org/metadataexplorer/explorer.jsp"
"12015","https://www.fgdl.org/metadataexplorer/explorer.jsp"
"12017","https://www.fgdl.org/metadataexplorer/explorer.jsp"
"12019","https://www.fgdl.org/metadataexplorer/explorer.jsp"
"12021","https://www.fgdl.org/metadataexplorer/explorer.jsp"
"12023","https://www.fgdl.org/metadataexplorer/explorer.jsp"
"12027","https://www.fgdl.org/metadataexplorer/explorer.jsp"
"12029","https://www.fgdl.org/metadataexplorer/explorer.jsp"
"12031","https://www.fgdl.org/metadataexplorer/explorer.jsp"
"12033","https://www.fgdl.org/metadataexplorer/explorer.jsp"
"12035","https://www.fgdl.org/metadataexplorer/explorer.jsp"
"12037","https://www.fgdl.org/metadataexplorer/explorer.jsp"
"12039","https://www.fgdl.org/metadataexplorer/explorer.jsp"
"12041","https://www.fgdl.org/metadataexplorer/explorer.jsp"
"12043","https://www.fgdl.org/metadataexplorer/explorer.jsp"
"12045","https://www.fgdl.org/metadataexplorer/explorer.jsp"
"12047","https://www.fgdl.org/metadataexplorer/explorer.jsp"
"12049","https://www.fgdl.org/metadataexplorer/explorer.jsp"
"12051","https://www.fgdl.org/metadataexplorer/explorer.jsp"
"12053","https://www.fgdl.org/metadataexplorer/explorer.jsp"
"12055","https://www.fgdl.org/metadataexplorer/explorer.jsp"
"12057","https://www.fgdl.org/metadataexplorer/explorer.jsp"
"12059","https://www.fgdl.org/metadataexplorer/explorer.jsp"
"12061","https://www.fgdl.org/metadataexplorer/explorer.jsp"
"12063","https://www.fgdl.org/metadataexplorer/explorer.jsp"
"12065","https://www.fgdl.org/metadataexplorer/explorer.jsp"
"12067","https://www.fgdl.org/metadataexplorer/explorer.jsp"
"12069","https://www.fgdl.org/metadataexplorer/explorer.jsp"
"12071","https://www.fgdl.org/metadataexplorer/explorer.jsp"
"12073","https://www.fgdl.org/metadataexplorer/explorer.jsp"
"12075","https://www.fgdl.org/metadataexplorer/explorer.jsp"
"12077","https://www.fgdl.org/metadataexplorer/explorer.jsp"
"12079","https://www.fgdl.org/metadataexplorer/explorer.jsp"
"12081","https://www.fgdl.org/metadataexplorer/explorer.jsp"
"12083","https://www.fgdl.org/metadataexplorer/explorer.jsp"
"12085","https://www.fgdl.org/metadataexplorer/explorer.jsp"
"12086","https://www.fgdl.org/metadataexplorer/explorer.jsp"
"12087","https://www.fgdl.org/metadataexplorer/explorer.jsp"
"12089","https://www.fgdl.org/metadataexplorer/explorer.jsp"
"12091","https://www.fgdl.org/metadataexplorer/explorer.jsp"
"12093","https://www.fgdl.org/metadataexplorer/explorer.jsp"
"12095","https://www.fgdl.org/metadataexplorer/explorer.jsp"
"12097","https://www.fgdl.org/metadataexplorer/explorer.jsp"
"12099","https://www.fgdl.org/metadataexplorer/explorer.jsp"
"12101","https://www.fgdl.org/metadataexplorer/explorer.jsp"
"12103","https://www.fgdl.org/metadataexplorer/explorer.jsp"
"12105","https://www.fgdl.org/metadataexplorer/explorer.jsp"
"12107","https://www.fgdl.org/metadataexplorer/explorer.jsp"
"12109","https://www.fgdl.org/metadataexplorer/explorer.jsp"
"12111","https://www.fgdl.org/metadataexplorer/explorer.jsp"
"12113","https://www.fgdl.org/metadataexplorer/explorer.jsp"
"12115","https://www.fgdl.org/metadataexplorer/explorer.jsp"
"12117","https://www.fgdl.org/metadataexplorer/explorer.jsp"
"12119","https://www.fgdl.org/metadataexplorer/explorer.jsp"
"12121","https://www.fgdl.org/metadataexplorer/explorer.jsp"
"12123","https://www.fgdl.org/metadataexplorer/explorer.jsp"
"12125","https://www.fgdl.org/metadataexplorer/explorer.jsp"
"12127","https://www.fgdl.org/metadataexplorer/explorer.jsp"
"12129","https://www.fgdl.org/metadataexplorer/explorer.jsp"
"12131","https://www.fgdl.org/metadataexplorer/explorer.jsp"
"12133","https://www.fgdl.org/metadataexplorer/explorer.jsp"
"15001","http://planning.hawaii.gov/gis/download-gis-data/"
"15003","http://planning.hawaii.gov/gis/download-gis-data/"
"15005","http://planning.hawaii.gov/gis/download-gis-data/"
"15007","http://planning.hawaii.gov/gis/download-gis-data/"
"15009","http://planning.hawaii.gov/gis/download-gis-data/"
"18001","https://gis-indianamap.opendata.arcgis.com/datasets/land-parcels-igio-2019"
"18003","https://gis-indianamap.opendata.arcgis.com/datasets/land-parcels-igio-2019"
"18005","https://gis-indianamap.opendata.arcgis.com/datasets/land-parcels-igio-2019"
"18007","https://gis-indianamap.opendata.arcgis.com/datasets/land-parcels-igio-2019"
"18009","https://gis-indianamap.opendata.arcgis.com/datasets/land-parcels-igio-2019"
"18011","https://gis-indianamap.opendata.arcgis.com/datasets/land-parcels-igio-2019"
"18013","https://gis-indianamap.opendata.arcgis.com/datasets/land-parcels-igio-2019"
"18015","https://gis-indianamap.opendata.arcgis.com/datasets/land-parcels-igio-2019"
"18017","https://gis-indianamap.opendata.arcgis.com/datasets/land-parcels-igio-2019"
"18019","https://gis-indianamap.opendata.arcgis.com/datasets/land-parcels-igio-2019"
"18021","https://gis-indianamap.opendata.arcgis.com/datasets/land-parcels-igio-2019"
"18023","https://gis-indianamap.opendata.arcgis.com/datasets/land-parcels-igio-2019"
"18025","https://gis-indianamap.opendata.arcgis.com/datasets/land-parcels-igio-2019"
"18027","https://gis-indianamap.opendata.arcgis.com/datasets/land-parcels-igio-2019"
"18029","https://gis-indianamap.opendata.arcgis.com/datasets/land-parcels-igio-2019"
"18031","https://gis-indianamap.opendata.arcgis.com/datasets/land-parcels-igio-2019"
"18033","https://gis-indianamap.opendata.arcgis.com/datasets/land-parcels-igio-2019"
"18035","https://gis-indianamap.opendata.arcgis.com/datasets/land-parcels-igio-2019"
"18037","https://gis-indianamap.opendata.arcgis.com/datasets/land-parcels-igio-2019"
"18039","https://gis-indianamap.opendata.arcgis.com/datasets/land-parcels-igio-2019"
"18041","https://gis-indianamap.opendata.arcgis.com/datasets/land-parcels-igio-2019"
"18043","https://gis-indianamap.opendata.arcgis.com/datasets/land-parcels-igio-2019"
"18045","https://gis-indianamap.opendata.arcgis.com/datasets/land-parcels-igio-2019"
"18047","https://gis-indianamap.opendata.arcgis.com/datasets/land-parcels-igio-2019"
"18049","https://gis-indianamap.opendata.arcgis.com/datasets/land-parcels-igio-2019"
"18051","https://gis-indianamap.opendata.arcgis.com/datasets/land-parcels-igio-2019"
"18053","https://gis-indianamap.opendata.arcgis.com/datasets/land-parcels-igio-2019"
"18055","https://gis-indianamap.opendata.arcgis.com/datasets/land-parcels-igio-2019"
"18057","https://gis-indianamap.opendata.arcgis.com/datasets/land-parcels-igio-2019"
"18059","https://gis-indianamap.opendata.arcgis.com/datasets/land-parcels-igio-2019"
"18061","https://gis-indianamap.opendata.arcgis.com/datasets/land-parcels-igio-2019"
"18063","https://gis-indianamap.opendata.arcgis.com/datasets/land-parcels-igio-2019"
"18065","https://gis-indianamap.opendata.arcgis.com/datasets/land-parcels-igio-2019"
"18067","https://gis-indianamap.opendata.arcgis.com/datasets/land-parcels-igio-2019"
"18069","https://gis-indianamap.opendata.arcgis.com/datasets/land-parcels-igio-2019"
"18071","https://gis-indianamap.opendata.arcgis.com/datasets/land-parcels-igio-2019"
"18073","https://gis-indianamap.opendata.arcgis.com/datasets/land-parcels-igio-2019"
"18075","https://gis-indianamap.opendata.arcgis.com/datasets/land-parcels-igio-2019"
"18077","https://gis-indianamap.opendata.arcgis.com/datasets/land-parcels-igio-2019"
"18079","https://gis-indianamap.opendata.arcgis.com/datasets/land-parcels-igio-2019"
"18081","https://gis-indianamap.opendata.arcgis.com/datasets/land-parcels-igio-2019"
"18083","https://gis-indianamap.opendata.arcgis.com/datasets/land-parcels-igio-2019"
"18085","https://gis-indianamap.opendata.arcgis.com/datasets/land-parcels-igio-2019"
"18087","https://gis-indianamap.opendata.arcgis.com/datasets/land-parcels-igio-2019"
"18089","https://gis-indianamap.opendata.arcgis.com/datasets/land-parcels-igio-2019"
"18091","https://gis-indianamap.opendata.arcgis.com/datasets/land-parcels-igio-2019"
"18093","https://gis-indianamap.opendata.arcgis.com/datasets/land-parcels-igio-2019"
"18095","https://gis-indianamap.opendata.arcgis.com/datasets/land-parcels-igio-2019"
"18097","https://gis-indianamap.opendata.arcgis.com/datasets/land-parcels-igio-2019"
"18099","https://gis-indianamap.opendata.arcgis.com/datasets/land-parcels-igio-2019"
"18101","https://gis-indianamap.opendata.arcgis.com/datasets/land-parcels-igio-2019"
"18103","https://gis-indianamap.opendata.arcgis.com/datasets/land-parcels-igio-2019"
"18105","https://gis-indianamap.opendata.arcgis.com/datasets/land-parcels-igio-2019"
"18107","https://gis-indianamap.opendata.arcgis.com/datasets/land-parcels-igio-2019"
"18109","https://gis-indianamap.opendata.arcgis.com/datasets/land-parcels-igio-2019"
"18111","https://gis-indianamap.opendata.arcgis.com/datasets/land-parcels-igio-2019"
"18113","https://gis-indianamap.opendata.arcgis.com/datasets/land-parcels-igio-2019"
"18115","https://gis-indianamap.opendata.arcgis.com/datasets/land-parcels-igio-2019"
"18117","https://gis-indianamap.opendata.arcgis.com/datasets/land-parcels-igio-2019"
"18119","https://gis-indianamap.opendata.arcgis.com/datasets/land-parcels-igio-2019"
"18121","https://gis-indianamap.opendata.arcgis.com/datasets/land-parcels-igio-2019"
"18123","https://gis-indianamap.opendata.arcgis.com/datasets/land-parcels-igio-2019"
"18125","https://gis-indianamap.opendata.arcgis.com/datasets/land-parcels-igio-2019"
"18127","https://gis-indianamap.opendata.arcgis.com/datasets/land-parcels-igio-2019"
"18129","https://gis-indianamap.opendata.arcgis.com/datasets/land-parcels-igio-2019"
"18131","https://gis-indianamap.opendata.arcgis.com/datasets/land-parcels-igio-2019"
"18133","https://gis-indianamap.opendata.arcgis.com/datasets/land-parcels-igio-2019"
"18135","https://gis-indianamap.opendata.arcgis.com/datasets/land-parcels-igio-2019"
"18137","https://gis-indianamap.opendata.arcgis.com/datasets/land-parcels-igio-2019"
"18139","https://gis-indianamap.opendata.arcgis.com/datasets/land-parcels-igio-2019"
"18141","https://gis-indianamap.opendata.arcgis.com/datasets/land-parcels-igio-2019"
"18143","https://gis-indianamap.opendata.arcgis.com/datasets/land-parcels-igio-2019"
"18145","https://gis-indianamap.opendata.arcgis.com/datasets/land-parcels-igio-2019"
"18147","https://gis-indianamap.opendata.arcgis.com/datasets/land-parcels-igio-2019"
"18149","https://gis-indianamap.opendata.arcgis.com/datasets/land-parcels-igio-2019"
"18151","https://gis-indianamap.opendata.arcgis.com/datasets/land-parcels-igio-2019"
"18153","https://gis-indianamap.opendata.arcgis.com/datasets/land-parcels-igio-2019"
"18155","https://gis-indianamap.opendata.arcgis.com/datasets/land-parcels-igio-2019"
"18157","https://gis-indianamap.opendata.arcgis.com/datasets/land-parcels-igio-2019"
"18159","https://gis-indianamap.opendata.arcgis.com/datasets/land-parcels-igio-2019"
"18161","https://gis-indianamap.opendata.arcgis.com/datasets/land-parcels-igio-2019"
"18163","https://gis-indianamap.opendata.arcgis.com/datasets/land-parcels-igio-2019"
"18165","https://gis-indianamap.opendata.arcgis.com/datasets/land-parcels-igio-2019"
"18167","https://gis-indianamap.opendata.arcgis.com/datasets/land-parcels-igio-2019"
"18169","https://gis-indianamap.opendata.arcgis.com/datasets/land-parcels-igio-2019"
"18171","https://gis-indianamap.opendata.arcgis.com/datasets/land-parcels-igio-2019"
"18173","https://gis-indianamap.opendata.arcgis.com/datasets/land-parcels-igio-2019"
"18175","https://gis-indianamap.opendata.arcgis.com/datasets/land-parcels-igio-2019"
"18177","https://gis-indianamap.opendata.arcgis.com/datasets/land-parcels-igio-2019"
"18179","https://gis-indianamap.opendata.arcgis.com/datasets/land-parcels-igio-2019"
"18181","https://gis-indianamap.opendata.arcgis.com/datasets/land-parcels-igio-2019"
"18183","https://gis-indianamap.opendata.arcgis.com/datasets/land-parcels-igio-2019"
"23001","https://geolibrary-maine.opendata.arcgis.com/datasets/maine-parcels-organized-towns"
"23003","https://geolibrary-maine.opendata.arcgis.com/datasets/maine-parcels-organized-towns"
"23005","https://geolibrary-maine.opendata.arcgis.com/datasets/maine-parcels-organized-towns"
"23007","https://geolibrary-maine.opendata.arcgis.com/datasets/maine-parcels-organized-towns"
"23009","https://geolibrary-maine.opendata.arcgis.com/datasets/maine-parcels-organized-towns"
"23011","https://geolibrary-maine.opendata.arcgis.com/datasets/maine-parcels-organized-towns"
"23013","https://geolibrary-maine.opendata.arcgis.com/datasets/maine-parcels-organized-towns"
"23015","https://geolibrary-maine.opendata.arcgis.com/datasets/maine-parcels-organized-towns"
"23017","https://geolibrary-maine.opendata.arcgis.com/datasets/maine-parcels-organized-towns"
"23019","https://geolibrary-maine.opendata.arcgis.com/datasets/maine-parcels-organized-towns"
"23021","https://geolibrary-maine.opendata.arcgis.com/datasets/maine-parcels-organized-towns"
"23023","https://geolibrary-maine.opendata.arcgis.com/datasets/maine-parcels-organized-towns"
"23025","https://geolibrary-maine.opendata.arcgis.com/datasets/maine-parcels-organized-towns"
"23027","https://geolibrary-maine.opendata.arcgis.com/datasets/maine-parcels-organized-towns"
"23029","https://geolibrary-maine.opendata.arcgis.com/datasets/maine-parcels-organized-towns"
"23031","https://geolibrary-maine.opendata.arcgis.com/datasets/maine-parcels-organized-towns"
"24001","https://planning.maryland.gov/Pages/OurProducts/DownloadFiles.aspx"
"24003","https://planning.maryland.gov/Pages/OurProducts/DownloadFiles.aspx"
"24005","https://planning.maryland.gov/Pages/OurProducts/DownloadFiles.aspx"
"24009","https://planning.maryland.gov/Pages/OurProducts/DownloadFiles.aspx"
"24011","https://planning.maryland.gov/Pages/OurProducts/DownloadFiles.aspx"
"24013","https://planning.maryland.gov/Pages/OurProducts/DownloadFiles.aspx"
"24015","https://planning.maryland.gov/Pages/OurProducts/DownloadFiles.aspx"
"24017","https://planning.maryland.gov/Pages/OurProducts/DownloadFiles.aspx"
"24019","https://planning.maryland.gov/Pages/OurProducts/DownloadFiles.aspx"
"24021","https://planning.maryland.gov/Pages/OurProducts/DownloadFiles.aspx"
"24023","https://planning.maryland.gov/Pages/OurProducts/DownloadFiles.aspx"
"24025","https://planning.maryland.gov/Pages/OurProducts/DownloadFiles.aspx"
"24027","https://planning.maryland.gov/Pages/OurProducts/DownloadFiles.aspx"
"24029","https://planning.maryland.gov/Pages/OurProducts/DownloadFiles.aspx"
"24031","https://planning.maryland.gov/Pages/OurProducts/DownloadFiles.aspx"
"24033","https://planning.maryland.gov/Pages/OurProducts/DownloadFiles.aspx"
"24035","https://planning.maryland.gov/Pages/OurProducts/DownloadFiles.aspx"
"24037","https://planning.maryland.gov/Pages/OurProducts/DownloadFiles.aspx"
"24039","https://planning.maryland.gov/Pages/OurProducts/DownloadFiles.aspx"
"24041","https://planning.maryland.gov/Pages/OurProducts/DownloadFiles.aspx"
"24043","https://planning.maryland.gov/Pages/OurProducts/DownloadFiles.aspx"
"24045","https://planning.maryland.gov/Pages/OurProducts/DownloadFiles.aspx"
"24047","https://planning.maryland.gov/Pages/OurProducts/DownloadFiles.aspx"
"24510","https://planning.maryland.gov/Pages/OurProducts/DownloadFiles.aspx"
"25001","https://docs.digital.mass.gov/dataset/massgis-data-standardized-assessors-parcels"
"25003","https://docs.digital.mass.gov/dataset/massgis-data-standardized-assessors-parcels"
"25005","https://docs.digital.mass.gov/dataset/massgis-data-standardized-assessors-parcels"
"25007","https://docs.digital.mass.gov/dataset/massgis-data-standardized-assessors-parcels"
"25009","https://docs.digital.mass.gov/dataset/massgis-data-standardized-assessors-parcels"
"25011","https://docs.digital.mass.gov/dataset/massgis-data-standardized-assessors-parcels"
"25013","https://docs.digital.mass.gov/dataset/massgis-data-standardized-assessors-parcels"
"25015","https://docs.digital.mass.gov/dataset/massgis-data-standardized-assessors-parcels"
"25017","https://docs.digital.mass.gov/dataset/massgis-data-standardized-assessors-parcels"
"25019","https://docs.digital.mass.gov/dataset/massgis-data-standardized-assessors-parcels"
"25021","https://docs.digital.mass.gov/dataset/massgis-data-standardized-assessors-parcels"
"25023","https://docs.digital.mass.gov/dataset/massgis-data-standardized-assessors-parcels"
"25025","http://bostonopendata-boston.opendata.arcgis.com/datasets/parcels-2016-data-full"
"25027","https://docs.digital.mass.gov/dataset/massgis-data-standardized-assessors-parcels"
"27003","https://gisdata.mn.gov/dataset/us-mn-state-metrogis-plan-regonal-parcels-2019"
"27019","https://gisdata.mn.gov/dataset/us-mn-state-metrogis-plan-regonal-parcels-2019"
"27037","https://gisdata.mn.gov/dataset/us-mn-state-metrogis-plan-regonal-parcels-2019"
"27053","https://gisdata.mn.gov/dataset/us-mn-state-metrogis-plan-regonal-parcels-2019"
"27123","https://gisdata.mn.gov/dataset/us-mn-state-metrogis-plan-regonal-parcels-2019"
"27139","https://gisdata.mn.gov/dataset/us-mn-state-metrogis-plan-regonal-parcels-2019"
"27163","https://gisdata.mn.gov/dataset/us-mn-state-metrogis-plan-regonal-parcels-2019"
"30001","ftp://ftp.geoinfo.msl.mt.gov/Data/Spatial/MSDI/Cadastral/"
"30003","ftp://ftp.geoinfo.msl.mt.gov/Data/Spatial/MSDI/Cadastral/"
"30005","ftp://ftp.geoinfo.msl.mt.gov/Data/Spatial/MSDI/Cadastral/"
"30007","ftp://ftp.geoinfo.msl.mt.gov/Data/Spatial/MSDI/Cadastral/"
"30009","ftp://ftp.geoinfo.msl.mt.gov/Data/Spatial/MSDI/Cadastral/"
"30011","ftp://ftp.geoinfo.msl.mt.gov/Data/Spatial/MSDI/Cadastral/"
"30013","ftp://ftp.geoinfo.msl.mt.gov/Data/Spatial/MSDI/Cadastral/"
"30015","ftp://ftp.geoinfo.msl.mt.gov/Data/Spatial/MSDI/Cadastral/"
"30017","ftp://ftp.geoinfo.msl.mt.gov/Data/Spatial/MSDI/Cadastral/"
"30019","ftp://ftp.geoinfo.msl.mt.gov/Data/Spatial/MSDI/Cadastral/"
"30021","ftp://ftp.geoinfo.msl.mt.gov/Data/Spatial/MSDI/Cadastral/"
"30023","ftp://ftp.geoinfo.msl.mt.gov/Data/Spatial/MSDI/Cadastral/"
"30025","ftp://ftp.geoinfo.msl.mt.gov/Data/Spatial/MSDI/Cadastral/"
"30027","ftp://ftp.geoinfo.msl.mt.gov/Data/Spatial/MSDI/Cadastral/"
"30029","ftp://ftp.geoinfo.msl.mt.gov/Data/Spatial/MSDI/Cadastral/"
"30031","ftp://ftp.geoinfo.msl.mt.gov/Data/Spatial/MSDI/Cadastral/"
"30033","ftp://ftp.geoinfo.msl.mt.gov/Data/Spatial/MSDI/Cadastral/"
"30035","ftp://ftp.geoinfo.msl.mt.gov/Data/Spatial/MSDI/Cadastral/"
"30037","ftp://ftp.geoinfo.msl.mt.gov/Data/Spatial/MSDI/Cadastral/"
"30039","ftp://ftp.geoinfo.msl.mt.gov/Data/Spatial/MSDI/Cadastral/"
"30041","ftp://ftp.geoinfo.msl.mt.gov/Data/Spatial/MSDI/Cadastral/"
"30043","ftp://ftp.geoinfo.msl.mt.gov/Data/Spatial/MSDI/Cadastral/"
"30045","ftp://ftp.geoinfo.msl.mt.gov/Data/Spatial/MSDI/Cadastral/"
"30047","ftp://ftp.geoinfo.msl.mt.gov/Data/Spatial/MSDI/Cadastral/"
"30049","ftp://ftp.geoinfo.msl.mt.gov/Data/Spatial/MSDI/Cadastral/"
"30051","ftp://ftp.geoinfo.msl.mt.gov/Data/Spatial/MSDI/Cadastral/"
"30053","ftp://ftp.geoinfo.msl.mt.gov/Data/Spatial/MSDI/Cadastral/"
"30055","ftp://ftp.geoinfo.msl.mt.gov/Data/Spatial/MSDI/Cadastral/"
"30057","ftp://ftp.geoinfo.msl.mt.gov/Data/Spatial/MSDI/Cadastral/"
"30059","ftp://ftp.geoinfo.msl.mt.gov/Data/Spatial/MSDI/Cadastral/"
"30061","ftp://ftp.geoinfo.msl.mt.gov/Data/Spatial/MSDI/Cadastral/"
"30063","ftp://ftp.geoinfo.msl.mt.gov/Data/Spatial/MSDI/Cadastral/"
"30065","ftp://ftp.geoinfo.msl.mt.gov/Data/Spatial/MSDI/Cadastral/"
"30067","ftp://ftp.geoinfo.msl.mt.gov/Data/Spatial/MSDI/Cadastral/"
"30069","ftp://ftp.geoinfo.msl.mt.gov/Data/Spatial/MSDI/Cadastral/"
"30071","ftp://ftp.geoinfo.msl.mt.gov/Data/Spatial/MSDI/Cadastral/"
"30073","ftp://ftp.geoinfo.msl.mt.gov/Data/Spatial/MSDI/Cadastral/"
"30075","ftp://ftp.geoinfo.msl.mt.gov/Data/Spatial/MSDI/Cadastral/"
"30077","ftp://ftp.geoinfo.msl.mt.gov/Data/Spatial/MSDI/Cadastral/"
"30079","ftp://ftp.geoinfo.msl.mt.gov/Data/Spatial/MSDI/Cadastral/"
"30081","ftp://ftp.geoinfo.msl.mt.gov/Data/Spatial/MSDI/Cadastral/"
"30083","ftp://ftp.geoinfo.msl.mt.gov/Data/Spatial/MSDI/Cadastral/"
"30085","ftp://ftp.geoinfo.msl.mt.gov/Data/Spatial/MSDI/Cadastral/"
"30087","ftp://ftp.geoinfo.msl.mt.gov/Data/Spatial/MSDI/Cadastral/"
"30089","ftp://ftp.geoinfo.msl.mt.gov/Data/Spatial/MSDI/Cadastral/"
"30091","ftp://ftp.geoinfo.msl.mt.gov/Data/Spatial/MSDI/Cadastral/"
"30093","ftp://ftp.geoinfo.msl.mt.gov/Data/Spatial/MSDI/Cadastral/"
"30095","ftp://ftp.geoinfo.msl.mt.gov/Data/Spatial/MSDI/Cadastral/"
"30097","ftp://ftp.geoinfo.msl.mt.gov/Data/Spatial/MSDI/Cadastral/"
"30099","ftp://ftp.geoinfo.msl.mt.gov/Data/Spatial/MSDI/Cadastral/"
"30101","ftp://ftp.geoinfo.msl.mt.gov/Data/Spatial/MSDI/Cadastral/"
"30103","ftp://ftp.geoinfo.msl.mt.gov/Data/Spatial/MSDI/Cadastral/"
"30105","ftp://ftp.geoinfo.msl.mt.gov/Data/Spatial/MSDI/Cadastral/"
"30107","ftp://ftp.geoinfo.msl.mt.gov/Data/Spatial/MSDI/Cadastral/"
"30109","ftp://ftp.geoinfo.msl.mt.gov/Data/Spatial/MSDI/Cadastral/"
"30111","ftp://ftp.geoinfo.msl.mt.gov/Data/Spatial/MSDI/Cadastral/"
"31055","https://data-dogis.opendata.arcgis.com/datasets/parcels"
"31153","https://gis.sarpy.com/datasets/870d5e73fd3e43e3b8e5f9a2029b9573_5"
"33001","ftp://ftp.granit.sr.unh.edu/pub/ParcelMosaic/"
"33003","ftp://ftp.granit.sr.unh.edu/pub/ParcelMosaic/"
"33005","ftp://ftp.granit.sr.unh.edu/pub/ParcelMosaic/"
"33007","ftp://ftp.granit.sr.unh.edu/pub/ParcelMosaic/"
"33009","ftp://ftp.granit.sr.unh.edu/pub/ParcelMosaic/"
"33011","ftp://ftp.granit.sr.unh.edu/pub/ParcelMosaic/"
"33013","ftp://ftp.granit.sr.unh.edu/pub/ParcelMosaic/"
"33015","ftp://ftp.granit.sr.unh.edu/pub/ParcelMosaic/"
"33017","ftp://ftp.granit.sr.unh.edu/pub/ParcelMosaic/"
"33019","ftp://ftp.granit.sr.unh.edu/pub/ParcelMosaic/"
"34001","https://njogis-newjersey.opendata.arcgis.com/datasets/parcels-and-mod-iv-composite-of-new-jersey-download"
"34003","https://njogis-newjersey.opendata.arcgis.com/datasets/parcels-and-mod-iv-composite-of-new-jersey-download"
"34005","https://njogis-newjersey.opendata.arcgis.com/datasets/parcels-and-mod-iv-composite-of-new-jersey-download"
"34007","https://njogis-newjersey.opendata.arcgis.com/datasets/parcels-and-mod-iv-composite-of-new-jersey-download"
"34009","https://njogis-newjersey.opendata.arcgis.com/datasets/parcels-and-mod-iv-composite-of-new-jersey-download"
"34011","https://njogis-newjersey.opendata.arcgis.com/datasets/parcels-and-mod-iv-composite-of-new-jersey-download"
"34013","https://njogis-newjersey.opendata.arcgis.com/datasets/parcels-and-mod-iv-composite-of-new-jersey-download"
"34015","https://njogis-newjersey.opendata.arcgis.com/datasets/parcels-and-mod-iv-composite-of-new-jersey-download"
"34017","https://njogis-newjersey.opendata.arcgis.com/datasets/parcels-and-mod-iv-composite-of-new-jersey-download"
"34019","https://njogis-newjersey.opendata.arcgis.com/datasets/parcels-and-mod-iv-composite-of-new-jersey-download"
"34021","https://njogis-newjersey.opendata.arcgis.com/datasets/parcels-and-mod-iv-composite-of-new-jersey-download"
"34023","https://njogis-newjersey.opendata.arcgis.com/datasets/parcels-and-mod-iv-composite-of-new-jersey-download"
"34025","https://njogis-newjersey.opendata.arcgis.com/datasets/parcels-and-mod-iv-composite-of-new-jersey-download"
"34027","https://njogis-newjersey.opendata.arcgis.com/datasets/parcels-and-mod-iv-composite-of-new-jersey-download"
"34029","https://njogis-newjersey.opendata.arcgis.com/datasets/parcels-and-mod-iv-composite-of-new-jersey-download"
"34031","https://njogis-newjersey.opendata.arcgis.com/datasets/parcels-and-mod-iv-composite-of-new-jersey-download"
"34033","https://njogis-newjersey.opendata.arcgis.com/datasets/parcels-and-mod-iv-composite-of-new-jersey-download"
"34035","https://njogis-newjersey.opendata.arcgis.com/datasets/parcels-and-mod-iv-composite-of-new-jersey-download"
"34037","https://njogis-newjersey.opendata.arcgis.com/datasets/parcels-and-mod-iv-composite-of-new-jersey-download"
"34039","https://njogis-newjersey.opendata.arcgis.com/datasets/parcels-and-mod-iv-composite-of-new-jersey-download"
"34041","https://njogis-newjersey.opendata.arcgis.com/datasets/parcels-and-mod-iv-composite-of-new-jersey-download"
"36011","http://gis.ny.gov/parcels/"
"36013","http://gis.ny.gov/parcels/"
"36023","http://gis.ny.gov/parcels/"
"36029","http://gis.ny.gov/parcels/"
"36037","http://gis.ny.gov/parcels/"
"36039","http://gis.ny.gov/parcels/"
"36049","http://gis.ny.gov/parcels/"
"36005","http://gis.ny.gov/parcels/"
"36047","http://gis.ny.gov/parcels/"
"36061","http://gis.ny.gov/parcels/"
"36081","http://gis.ny.gov/parcels/"
"36085","http://gis.ny.gov/parcels/"
"37001","https://www.nconemap.gov/datasets/parcels-polygons"
"37003","https://www.nconemap.gov/datasets/parcels-polygons"
"37005","https://www.nconemap.gov/datasets/parcels-polygons"
"37007","https://www.nconemap.gov/datasets/parcels-polygons"
"37009","https://www.nconemap.gov/datasets/parcels-polygons"
"37011","https://www.nconemap.gov/datasets/parcels-polygons"
"37013","https://www.nconemap.gov/datasets/parcels-polygons"
"37015","https://www.nconemap.gov/datasets/parcels-polygons"
"37017","https://www.nconemap.gov/datasets/parcels-polygons"
"37019","https://www.nconemap.gov/datasets/parcels-polygons"
"37021","https://www.nconemap.gov/datasets/parcels-polygons"
"37023","https://www.nconemap.gov/datasets/parcels-polygons"
"37025","https://www.nconemap.gov/datasets/parcels-polygons"
"37027","https://www.nconemap.gov/datasets/parcels-polygons"
"37029","https://www.nconemap.gov/datasets/parcels-polygons"
"37031","https://www.nconemap.gov/datasets/parcels-polygons"
"37033","https://www.nconemap.gov/datasets/parcels-polygons"
"37035","https://www.nconemap.gov/datasets/parcels-polygons"
"37037","https://www.nconemap.gov/datasets/parcels-polygons"
"37039","https://www.nconemap.gov/datasets/parcels-polygons"
"37041","https://www.nconemap.gov/datasets/parcels-polygons"
"37043","https://www.nconemap.gov/datasets/parcels-polygons"
"37045","https://www.nconemap.gov/datasets/parcels-polygons"
"37047","https://www.nconemap.gov/datasets/parcels-polygons"
"37049","https://www.nconemap.gov/datasets/parcels-polygons"
"37051","https://www.nconemap.gov/datasets/parcels-polygons"
"37053","https://www.nconemap.gov/datasets/parcels-polygons"
"37055","https://www.nconemap.gov/datasets/parcels-polygons"
"37057","https://www.nconemap.gov/datasets/parcels-polygons"
"37059","https://www.nconemap.gov/datasets/parcels-polygons"
"37061","https://www.nconemap.gov/datasets/parcels-polygons"
"37063","https://www.nconemap.gov/datasets/parcels-polygons"
"37065","https://www.nconemap.gov/datasets/parcels-polygons"
"37067","https://www.nconemap.gov/datasets/parcels-polygons"
"37069","https://www.nconemap.gov/datasets/parcels-polygons"
"37071","https://www.nconemap.gov/datasets/parcels-polygons"
"37073","https://www.nconemap.gov/datasets/parcels-polygons"
"37075","https://www.nconemap.gov/datasets/parcels-polygons"
"37077","https://www.nconemap.gov/datasets/parcels-polygons"
"37079","https://www.nconemap.gov/datasets/parcels-polygons"
"37081","https://www.nconemap.gov/datasets/parcels-polygons"
"37083","https://www.nconemap.gov/datasets/parcels-polygons"
"37085","https://www.nconemap.gov/datasets/parcels-polygons"
"37087","https://www.nconemap.gov/datasets/parcels-polygons"
"37089","https://www.nconemap.gov/datasets/parcels-polygons"
"37091","https://www.nconemap.gov/datasets/parcels-polygons"
"37093","https://www.nconemap.gov/datasets/parcels-polygons"
"37095","https://www.nconemap.gov/datasets/parcels-polygons"
"37097","https://www.nconemap.gov/datasets/parcels-polygons"
"37099","https://www.nconemap.gov/datasets/parcels-polygons"
"37101","https://www.nconemap.gov/datasets/parcels-polygons"
"37103","https://www.nconemap.gov/datasets/parcels-polygons"
"37105","https://www.nconemap.gov/datasets/parcels-polygons"
"37107","https://www.nconemap.gov/datasets/parcels-polygons"
"37109","https://www.nconemap.gov/datasets/parcels-polygons"
"37111","https://www.nconemap.gov/datasets/parcels-polygons"
"37113","https://www.nconemap.gov/datasets/parcels-polygons"
"37115","https://www.nconemap.gov/datasets/parcels-polygons"
"37117","https://www.nconemap.gov/datasets/parcels-polygons"
"37119","https://www.nconemap.gov/datasets/parcels-polygons"
"37121","https://www.nconemap.gov/datasets/parcels-polygons"
"37123","https://www.nconemap.gov/datasets/parcels-polygons"
"37125","https://www.nconemap.gov/datasets/parcels-polygons"
"37127","https://www.nconemap.gov/datasets/parcels-polygons"
"37129","https://www.nconemap.gov/datasets/parcels-polygons"
"37131","https://www.nconemap.gov/datasets/parcels-polygons"
"37133","https://www.nconemap.gov/datasets/parcels-polygons"
"37135","https://www.nconemap.gov/datasets/parcels-polygons"
"37137","https://www.nconemap.gov/datasets/parcels-polygons"
"37139","https://www.nconemap.gov/datasets/parcels-polygons"
"37141","https://www.nconemap.gov/datasets/parcels-polygons"
"37143","https://www.nconemap.gov/datasets/parcels-polygons"
"37145","https://www.nconemap.gov/datasets/parcels-polygons"
"37147","https://www.nconemap.gov/datasets/parcels-polygons"
"37149","https://www.nconemap.gov/datasets/parcels-polygons"
"37151","https://www.nconemap.gov/datasets/parcels-polygons"
"37153","https://www.nconemap.gov/datasets/parcels-polygons"
"37155","https://www.nconemap.gov/datasets/parcels-polygons"
"37157","https://www.nconemap.gov/datasets/parcels-polygons"
"37159","https://www.nconemap.gov/datasets/parcels-polygons"
"37161","https://www.nconemap.gov/datasets/parcels-polygons"
"37163","https://www.nconemap.gov/datasets/parcels-polygons"
"37165","https://www.nconemap.gov/datasets/parcels-polygons"
"37167","https://www.nconemap.gov/datasets/parcels-polygons"
"37169","https://www.nconemap.gov/datasets/parcels-polygons"
"37171","https://www.nconemap.gov/datasets/parcels-polygons"
"37173","https://www.nconemap.gov/datasets/parcels-polygons"
"37175","https://www.nconemap.gov/datasets/parcels-polygons"
"37177","https://www.nconemap.gov/datasets/parcels-polygons"
"37179","https://www.nconemap.gov/datasets/parcels-polygons"
"37181","https://www.nconemap.gov/datasets/parcels-polygons"
"37183","https://www.nconemap.gov/datasets/parcels-polygons"
"37185","https://www.nconemap.gov/datasets/parcels-polygons"
"37187","https://www.nconemap.gov/datasets/parcels-polygons"
"37189","https://www.nconemap.gov/datasets/parcels-polygons"
"37191","https://www.nconemap.gov/datasets/parcels-polygons"
"37193","https://www.nconemap.gov/datasets/parcels-polygons"
"37195","https://www.nconemap.gov/datasets/parcels-polygons"
"37197","https://www.nconemap.gov/datasets/parcels-polygons"
"37199","https://www.nconemap.gov/datasets/parcels-polygons"
"56001","https://www.arcgis.com/apps/webappviewer/index.html?id=4bb9a66f7287402b8f650aa9f21d3fa5"
"56003","https://www.arcgis.com/apps/webappviewer/index.html?id=4bb9a66f7287402b8f650aa9f21d3fa5"
"56005","https://www.arcgis.com/apps/webappviewer/index.html?id=4bb9a66f7287402b8f650aa9f21d3fa5"
"56007","https://www.arcgis.com/apps/webappviewer/index.html?id=4bb9a66f7287402b8f650aa9f21d3fa5"
"56009","https://www.arcgis.com/apps/webappviewer/index.html?id=4bb9a66f7287402b8f650aa9f21d3fa5"
"56011","https://www.arcgis.com/apps/webappviewer/index.html?id=4bb9a66f7287402b8f650aa9f21d3fa5"
"56013","https://www.arcgis.com/apps/webappviewer/index.html?id=4bb9a66f7287402b8f650aa9f21d3fa5"
"56015","https://www.arcgis.com/apps/webappviewer/index.html?id=4bb9a66f7287402b8f650aa9f21d3fa5"
"56017","https://www.arcgis.com/apps/webappviewer/index.html?id=4bb9a66f7287402b8f650aa9f21d3fa5"
"56019","https://www.arcgis.com/apps/webappviewer/index.html?id=4bb9a66f7287402b8f650aa9f21d3fa5"
"56021","https://www.arcgis.com/apps/webappviewer/index.html?id=4bb9a66f7287402b8f650aa9f21d3fa5"
"56023","https://www.arcgis.com/apps/webappviewer/index.html?id=4bb9a66f7287402b8f650aa9f21d3fa5"
"56025","https://www.arcgis.com/apps/webappviewer/index.html?id=4bb9a66f7287402b8f650aa9f21d3fa5"
"56027","https://www.arcgis.com/apps/webappviewer/index.html?id=4bb9a66f7287402b8f650aa9f21d3fa5"
"56029","https://www.arcgis.com/apps/webappviewer/index.html?id=4bb9a66f7287402b8f650aa9f21d3fa5"
"56031","https://www.arcgis.com/apps/webappviewer/index.html?id=4bb9a66f7287402b8f650aa9f21d3fa5"
"56033","https://www.arcgis.com/apps/webappviewer/index.html?id=4bb9a66f7287402b8f650aa9f21d3fa5"
"56035","https://www.arcgis.com/apps/webappviewer/index.html?id=4bb9a66f7287402b8f650aa9f21d3fa5"
"56037","https://www.arcgis.com/apps/webappviewer/index.html?id=4bb9a66f7287402b8f650aa9f21d3fa5"
"56039","https://www.arcgis.com/apps/webappviewer/index.html?id=4bb9a66f7287402b8f650aa9f21d3fa5"
"56041","https://www.arcgis.com/apps/webappviewer/index.html?id=4bb9a66f7287402b8f650aa9f21d3fa5"
"56043","https://www.arcgis.com/apps/webappviewer/index.html?id=4bb9a66f7287402b8f650aa9f21d3fa5"
"56045","https://www.arcgis.com/apps/webappviewer/index.html?id=4bb9a66f7287402b8f650aa9f21d3fa5"
"48001","https://tnris.org/stratmap/land-parcels/"
"48003","https://tnris.org/stratmap/land-parcels/"
"48005","https://tnris.org/stratmap/land-parcels/"
"48007","https://tnris.org/stratmap/land-parcels/"
"48009","https://tnris.org/stratmap/land-parcels/"
"48011","https://tnris.org/stratmap/land-parcels/"
"48013","https://tnris.org/stratmap/land-parcels/"
"48015","https://tnris.org/stratmap/land-parcels/"
"48017","https://tnris.org/stratmap/land-parcels/"
"48019","https://tnris.org/stratmap/land-parcels/"
"48021","https://tnris.org/stratmap/land-parcels/"
"48023","https://tnris.org/stratmap/land-parcels/"
"48025","https://tnris.org/stratmap/land-parcels/"
"48027","https://tnris.org/stratmap/land-parcels/"
"48029","https://tnris.org/stratmap/land-parcels/"
"48031","https://tnris.org/stratmap/land-parcels/"
"48033","https://tnris.org/stratmap/land-parcels/"
"48035","https://tnris.org/stratmap/land-parcels/"
"48037","https://tnris.org/stratmap/land-parcels/"
"48039","https://tnris.org/stratmap/land-parcels/"
"48041","https://tnris.org/stratmap/land-parcels/"
"48043","https://tnris.org/stratmap/land-parcels/"
"48047","https://tnris.org/stratmap/land-parcels/"
"48049","https://tnris.org/stratmap/land-parcels/"
"48051","https://tnris.org/stratmap/land-parcels/"
"48053","https://tnris.org/stratmap/land-parcels/"
"48055","https://tnris.org/stratmap/land-parcels/"
"48057","https://tnris.org/stratmap/land-parcels/"
"48059","https://tnris.org/stratmap/land-parcels/"
"48061","https://tnris.org/stratmap/land-parcels/"
"48063","https://tnris.org/stratmap/land-parcels/"
"48065","https://tnris.org/stratmap/land-parcels/"
"48067","https://tnris.org/stratmap/land-parcels/"
"48073","https://tnris.org/stratmap/land-parcels/"
"48075","https://tnris.org/stratmap/land-parcels/"
"48079","https://tnris.org/stratmap/land-parcels/"
"48081","https://tnris.org/stratmap/land-parcels/"
"48085","https://tnris.org/stratmap/land-parcels/"
"48087","https://tnris.org/stratmap/land-parcels/"
"48089","https://tnris.org/stratmap/land-parcels/"
"48091","https://tnris.org/stratmap/land-parcels/"
"48093","https://tnris.org/stratmap/land-parcels/"
"48095","https://tnris.org/stratmap/land-parcels/"
"48097","https://tnris.org/stratmap/land-parcels/"
"48099","https://tnris.org/stratmap/land-parcels/"
"48103","https://tnris.org/stratmap/land-parcels/"
"48107","https://tnris.org/stratmap/land-parcels/"
"48109","https://tnris.org/stratmap/land-parcels/"
"48111","https://tnris.org/stratmap/land-parcels/"
"48113","https://tnris.org/stratmap/land-parcels/"
"48117","https://tnris.org/stratmap/land-parcels/"
"48119","https://tnris.org/stratmap/land-parcels/"
"48121","https://tnris.org/stratmap/land-parcels/"
"48123","https://tnris.org/stratmap/land-parcels/"
"48125","https://tnris.org/stratmap/land-parcels/"
"48127","https://tnris.org/stratmap/land-parcels/"
"48131","https://tnris.org/stratmap/land-parcels/"
"48133","https://tnris.org/stratmap/land-parcels/"
"48135","https://tnris.org/stratmap/land-parcels/"
"48137","https://tnris.org/stratmap/land-parcels/"
"48139","https://tnris.org/stratmap/land-parcels/"
"48141","https://tnris.org/stratmap/land-parcels/"
"48143","https://tnris.org/stratmap/land-parcels/"
"48145","https://tnris.org/stratmap/land-parcels/"
"48147","https://tnris.org/stratmap/land-parcels/"
"48149","https://tnris.org/stratmap/land-parcels/"
"48151","https://tnris.org/stratmap/land-parcels/"
"48153","https://tnris.org/stratmap/land-parcels/"
"48155","https://tnris.org/stratmap/land-parcels/"
"48157","https://tnris.org/stratmap/land-parcels/"
"48159","https://tnris.org/stratmap/land-parcels/"
"48161","https://tnris.org/stratmap/land-parcels/"
"48165","https://tnris.org/stratmap/land-parcels/"
"48167","https://tnris.org/stratmap/land-parcels/"
"48171","https://tnris.org/stratmap/land-parcels/"
"48173","https://tnris.org/stratmap/land-parcels/"
"48175","https://tnris.org/stratmap/land-parcels/"
"48179","https://tnris.org/stratmap/land-parcels/"
"48181","https://tnris.org/stratmap/land-parcels/"
"48183","https://tnris.org/stratmap/land-parcels/"
"48185","https://tnris.org/stratmap/land-parcels/"
"48187","https://tnris.org/stratmap/land-parcels/"
"48189","https://tnris.org/stratmap/land-parcels/"
"48191","https://tnris.org/stratmap/land-parcels/"
"48193","https://tnris.org/stratmap/land-parcels/"
"48195","https://tnris.org/stratmap/land-parcels/"
"48199","https://tnris.org/stratmap/land-parcels/"
"48201","https://tnris.org/stratmap/land-parcels/"
"48203","https://tnris.org/stratmap/land-parcels/"
"48205","https://tnris.org/stratmap/land-parcels/"
"48207","https://tnris.org/stratmap/land-parcels/"
"48209","https://tnris.org/stratmap/land-parcels/"
"48211","https://tnris.org/stratmap/land-parcels/"
"48213","https://tnris.org/stratmap/land-parcels/"
"48215","https://tnris.org/stratmap/land-parcels/"
"48217","https://tnris.org/stratmap/land-parcels/"
"48219","https://tnris.org/stratmap/land-parcels/"
"48221","https://tnris.org/stratmap/land-parcels/"
"48223","https://tnris.org/stratmap/land-parcels/"
"48227","https://tnris.org/stratmap/land-parcels/"
"48229","https://tnris.org/stratmap/land-parcels/"
"48231","https://tnris.org/stratmap/land-parcels/"
"48235","https://tnris.org/stratmap/land-parcels/"
"48237","https://tnris.org/stratmap/land-parcels/"
"48239","https://tnris.org/stratmap/land-parcels/"
"48241","https://tnris.org/stratmap/land-parcels/"
"48243","https://tnris.org/stratmap/land-parcels/"
"48245","https://tnris.org/stratmap/land-parcels/"
"48247","https://tnris.org/stratmap/land-parcels/"
"48249","https://tnris.org/stratmap/land-parcels/"
"48251","https://tnris.org/stratmap/land-parcels/"
"48253","https://tnris.org/stratmap/land-parcels/"
"48255","https://tnris.org/stratmap/land-parcels/"
"48257","https://tnris.org/stratmap/land-parcels/"
"48259","https://tnris.org/stratmap/land-parcels/"
"48261","https://tnris.org/stratmap/land-parcels/"
"48263","https://tnris.org/stratmap/land-parcels/"
"48267","https://tnris.org/stratmap/land-parcels/"
"48269","https://tnris.org/stratmap/land-parcels/"
"48271","https://tnris.org/stratmap/land-parcels/"
"48273","https://tnris.org/stratmap/land-parcels/"
"48275","https://tnris.org/stratmap/land-parcels/"
"48277","https://tnris.org/stratmap/land-parcels/"
"48279","https://tnris.org/stratmap/land-parcels/"
"48281","https://tnris.org/stratmap/land-parcels/"
"48283","https://tnris.org/stratmap/land-parcels/"
"48285","https://tnris.org/stratmap/land-parcels/"
"48287","https://tnris.org/stratmap/land-parcels/"
"48291","https://tnris.org/stratmap/land-parcels/"
"48293","https://tnris.org/stratmap/land-parcels/"
"48295","https://tnris.org/stratmap/land-parcels/"
"48297","https://tnris.org/stratmap/land-parcels/"
"48299","https://tnris.org/stratmap/land-parcels/"
"48301","https://tnris.org/stratmap/land-parcels/"
"48303","https://tnris.org/stratmap/land-parcels/"
"48305","https://tnris.org/stratmap/land-parcels/"
"48307","https://tnris.org/stratmap/land-parcels/"
"48309","https://tnris.org/stratmap/land-parcels/"
"48311","https://tnris.org/stratmap/land-parcels/"
"48313","https://tnris.org/stratmap/land-parcels/"
"48315","https://tnris.org/stratmap/land-parcels/"
"48317","https://tnris.org/stratmap/land-parcels/"
"48321","https://tnris.org/stratmap/land-parcels/"
"48323","https://tnris.org/stratmap/land-parcels/"
"48325","https://tnris.org/stratmap/land-parcels/"
"48327","https://tnris.org/stratmap/land-parcels/"
"48329","https://tnris.org/stratmap/land-parcels/"
"48331","https://tnris.org/stratmap/land-parcels/"
"48333","https://tnris.org/stratmap/land-parcels/"
"48335","https://tnris.org/stratmap/land-parcels/"
"48339","https://tnris.org/stratmap/land-parcels/"
"48341","https://tnris.org/stratmap/land-parcels/"
"48343","https://tnris.org/stratmap/land-parcels/"
"48345","https://tnris.org/stratmap/land-parcels/"
"48347","https://tnris.org/stratmap/land-parcels/"
"48349","https://tnris.org/stratmap/land-parcels/"
"48351","https://tnris.org/stratmap/land-parcels/"
"48353","https://tnris.org/stratmap/land-parcels/"
"48355","https://tnris.org/stratmap/land-parcels/"
"48357","https://tnris.org/stratmap/land-parcels/"
"48361","https://tnris.org/stratmap/land-parcels/"
"48363","https://tnris.org/stratmap/land-parcels/"
"48365","https://tnris.org/stratmap/land-parcels/"
"48367","https://tnris.org/stratmap/land-parcels/"
"48369","https://tnris.org/stratmap/land-parcels/"
"48371","https://tnris.org/stratmap/land-parcels/"
"48373","https://tnris.org/stratmap/land-parcels/"
"48375","https://tnris.org/stratmap/land-parcels/"
"48377","https://tnris.org/stratmap/land-parcels/"
"48379","https://tnris.org/stratmap/land-parcels/"
"48381","https://tnris.org/stratmap/land-parcels/"
"48383","https://tnris.org/stratmap/land-parcels/"
"48385","https://tnris.org/stratmap/land-parcels/"
"48387","https://tnris.org/stratmap/land-parcels/"
"48389","https://tnris.org/stratmap/land-parcels/"
"48391","https://tnris.org/stratmap/land-parcels/"
"48395","https://tnris.org/stratmap/land-parcels/"
"48397","https://tnris.org/stratmap/land-parcels/"
"48399","https://tnris.org/stratmap/land-parcels/"
"48401","https://tnris.org/stratmap/land-parcels/"
"48403","https://tnris.org/stratmap/land-parcels/"
"48405","https://tnris.org/stratmap/land-parcels/"
"48407","https://tnris.org/stratmap/land-parcels/"
"48409","https://tnris.org/stratmap/land-parcels/"
"48411","https://tnris.org/stratmap/land-parcels/"
"48413","https://tnris.org/stratmap/land-parcels/"
"48415","https://tnris.org/stratmap/land-parcels/"
"48417","https://tnris.org/stratmap/land-parcels/"
"48423","https://tnris.org/stratmap/land-parcels/"
"48425","https://tnris.org/stratmap/land-parcels/"
"48427","https://tnris.org/stratmap/land-parcels/"
"48429","https://tnris.org/stratmap/land-parcels/"
"48431","https://tnris.org/stratmap/land-parcels/"
"48433","https://tnris.org/stratmap/land-parcels/"
"48435","https://tnris.org/stratmap/land-parcels/"
"48437","https://tnris.org/stratmap/land-parcels/"
"48439","https://tnris.org/stratmap/land-parcels/"
"48441","https://tnris.org/stratmap/land-parcels/"
"48443","https://tnris.org/stratmap/land-parcels/"
"48447","https://tnris.org/stratmap/land-parcels/"
"48449","https://tnris.org/stratmap/land-parcels/"
"48451","https://tnris.org/stratmap/land-parcels/"
"48453","https://tnris.org/stratmap/land-parcels/"
"48455","https://tnris.org/stratmap/land-parcels/"
"48457","https://tnris.org/stratmap/land-parcels/"
"48459","https://tnris.org/stratmap/land-parcels/"
"48461","https://tnris.org/stratmap/land-parcels/"
"48463","https://tnris.org/stratmap/land-parcels/"
"48465","https://tnris.org/stratmap/land-parcels/"
"48467","https://tnris.org/stratmap/land-parcels/"
"48469","https://tnris.org/stratmap/land-parcels/"
"48471","https://tnris.org/stratmap/land-parcels/"
"48473","https://tnris.org/stratmap/land-parcels/"
"48477","https://tnris.org/stratmap/land-parcels/"
"48479","https://tnris.org/stratmap/land-parcels/"
"48481","https://tnris.org/stratmap/land-parcels/"
"48483","https://tnris.org/stratmap/land-parcels/"
"48485","https://tnris.org/stratmap/land-parcels/"
"48487","https://tnris.org/stratmap/land-parcels/"
"48489","https://tnris.org/stratmap/land-parcels/"
"48491","https://tnris.org/stratmap/land-parcels/"
"48493","https://tnris.org/stratmap/land-parcels/"
"48495","https://tnris.org/stratmap/land-parcels/"
"48497","https://tnris.org/stratmap/land-parcels/"
"48499","https://tnris.org/stratmap/land-parcels/"
"48501","https://tnris.org/stratmap/land-parcels/"
"48503","https://tnris.org/stratmap/land-parcels/"
"48505","https://tnris.org/stratmap/land-parcels/"
"48507","https://tnris.org/stratmap/land-parcels/"
"49001","https://gis.utah.gov/data/cadastre/parcels/"
"49003","https://gis.utah.gov/data/cadastre/parcels/"
"49005","https://gis.utah.gov/data/cadastre/parcels/"
"49007","https://gis.utah.gov/data/cadastre/parcels/"
"49009","https://gis.utah.gov/data/cadastre/parcels/"
"49011","https://gis.utah.gov/data/cadastre/parcels/"
"49013","https://gis.utah.gov/data/cadastre/parcels/"
"49015","https://gis.utah.gov/data/cadastre/parcels/"
"49017","https://gis.utah.gov/data/cadastre/parcels/"
"49019","https://gis.utah.gov/data/cadastre/parcels/"
"49021","https://gis.utah.gov/data/cadastre/parcels/"
"49023","https://gis.utah.gov/data/cadastre/parcels/"
"49025","https://gis.utah.gov/data/cadastre/parcels/"
"49027","https://gis.utah.gov/data/cadastre/parcels/"
"49029","https://gis.utah.gov/data/cadastre/parcels/"
"49031","https://gis.utah.gov/data/cadastre/parcels/"
"49033","https://gis.utah.gov/data/cadastre/parcels/"
"49035","https://gis.utah.gov/data/cadastre/parcels/"
"49037","https://gis.utah.gov/data/cadastre/parcels/"
"49039","https://gis.utah.gov/data/cadastre/parcels/"
"49041","https://gis.utah.gov/data/cadastre/parcels/"
"49043","https://gis.utah.gov/data/cadastre/parcels/"
"49045","https://gis.utah.gov/data/cadastre/parcels/"
"49047","https://gis.utah.gov/data/cadastre/parcels/"
"49049","https://gis.utah.gov/data/cadastre/parcels/"
"49051","https://gis.utah.gov/data/cadastre/parcels/"
"49053","https://gis.utah.gov/data/cadastre/parcels/"
"49055","https://gis.utah.gov/data/cadastre/parcels/"
"49057","https://gis.utah.gov/data/cadastre/parcels/"
"50001","https://geodata.vermont.gov/datasets/vt-data-statewide-standardized-parcel-data-parcel-polygons"
"50003","https://geodata.vermont.gov/datasets/vt-data-statewide-standardized-parcel-data-parcel-polygons"
"50005","https://geodata.vermont.gov/datasets/vt-data-statewide-standardized-parcel-data-parcel-polygons"
"50007","https://geodata.vermont.gov/datasets/vt-data-statewide-standardized-parcel-data-parcel-polygons"
"50009","https://geodata.vermont.gov/datasets/vt-data-statewide-standardized-parcel-data-parcel-polygons"
"50011","https://geodata.vermont.gov/datasets/vt-data-statewide-standardized-parcel-data-parcel-polygons"
"50013","https://geodata.vermont.gov/datasets/vt-data-statewide-standardized-parcel-data-parcel-polygons"
"50015","https://geodata.vermont.gov/datasets/vt-data-statewide-standardized-parcel-data-parcel-polygons"
"50017","https://geodata.vermont.gov/datasets/vt-data-statewide-standardized-parcel-data-parcel-polygons"
"50019","https://geodata.vermont.gov/datasets/vt-data-statewide-standardized-parcel-data-parcel-polygons"
"50021","https://geodata.vermont.gov/datasets/vt-data-statewide-standardized-parcel-data-parcel-polygons"
"50023","https://geodata.vermont.gov/datasets/vt-data-statewide-standardized-parcel-data-parcel-polygons"
"50025","https://geodata.vermont.gov/datasets/vt-data-statewide-standardized-parcel-data-parcel-polygons"
"50027","https://geodata.vermont.gov/datasets/vt-data-statewide-standardized-parcel-data-parcel-polygons"
"51001","https://vgin.maps.arcgis.com/home/item.html?id=29627d7c051a47dc8ce71b4484531ab3"
"51003","https://vgin.maps.arcgis.com/home/item.html?id=29627d7c051a47dc8ce71b4484531ab3"
"51005","https://vgin.maps.arcgis.com/home/item.html?id=29627d7c051a47dc8ce71b4484531ab3"
"51007","https://vgin.maps.arcgis.com/home/item.html?id=29627d7c051a47dc8ce71b4484531ab3"
"51009","https://vgin.maps.arcgis.com/home/item.html?id=29627d7c051a47dc8ce71b4484531ab3"
"51011","https://vgin.maps.arcgis.com/home/item.html?id=29627d7c051a47dc8ce71b4484531ab3"
"51013","https://vgin.maps.arcgis.com/home/item.html?id=29627d7c051a47dc8ce71b4484531ab3"
"51015","https://vgin.maps.arcgis.com/home/item.html?id=29627d7c051a47dc8ce71b4484531ab3"
"51017","https://vgin.maps.arcgis.com/home/item.html?id=29627d7c051a47dc8ce71b4484531ab3"
"51019","https://vgin.maps.arcgis.com/home/item.html?id=29627d7c051a47dc8ce71b4484531ab3"
"51021","https://vgin.maps.arcgis.com/home/item.html?id=29627d7c051a47dc8ce71b4484531ab3"
"51023","https://vgin.maps.arcgis.com/home/item.html?id=29627d7c051a47dc8ce71b4484531ab3"
"51025","https://vgin.maps.arcgis.com/home/item.html?id=29627d7c051a47dc8ce71b4484531ab3"
"51027","https://vgin.maps.arcgis.com/home/item.html?id=29627d7c051a47dc8ce71b4484531ab3"
"51029","https://vgin.maps.arcgis.com/home/item.html?id=29627d7c051a47dc8ce71b4484531ab3"
"51031","https://vgin.maps.arcgis.com/home/item.html?id=29627d7c051a47dc8ce71b4484531ab3"
"51033","https://vgin.maps.arcgis.com/home/item.html?id=29627d7c051a47dc8ce71b4484531ab3"
"51035","https://vgin.maps.arcgis.com/home/item.html?id=29627d7c051a47dc8ce71b4484531ab3"
"51036","https://vgin.maps.arcgis.com/home/item.html?id=29627d7c051a47dc8ce71b4484531ab3"
"51037","https://vgin.maps.arcgis.com/home/item.html?id=29627d7c051a47dc8ce71b4484531ab3"
"51041","https://vgin.maps.arcgis.com/home/item.html?id=29627d7c051a47dc8ce71b4484531ab3"
"51043","https://vgin.maps.arcgis.com/home/item.html?id=29627d7c051a47dc8ce71b4484531ab3"
"51045","https://vgin.maps.arcgis.com/home/item.html?id=29627d7c051a47dc8ce71b4484531ab3"
"51047","https://vgin.maps.arcgis.com/home/item.html?id=29627d7c051a47dc8ce71b4484531ab3"
"51049","https://vgin.maps.arcgis.com/home/item.html?id=29627d7c051a47dc8ce71b4484531ab3"
"51051","https://vgin.maps.arcgis.com/home/item.html?id=29627d7c051a47dc8ce71b4484531ab3"
"51053","https://vgin.maps.arcgis.com/home/item.html?id=29627d7c051a47dc8ce71b4484531ab3"
"51057","https://vgin.maps.arcgis.com/home/item.html?id=29627d7c051a47dc8ce71b4484531ab3"
"51059","https://vgin.maps.arcgis.com/home/item.html?id=29627d7c051a47dc8ce71b4484531ab3"
"51061","https://vgin.maps.arcgis.com/home/item.html?id=29627d7c051a47dc8ce71b4484531ab3"
"51063","https://vgin.maps.arcgis.com/home/item.html?id=29627d7c051a47dc8ce71b4484531ab3"
"51065","https://vgin.maps.arcgis.com/home/item.html?id=29627d7c051a47dc8ce71b4484531ab3"
"51067","https://vgin.maps.arcgis.com/home/item.html?id=29627d7c051a47dc8ce71b4484531ab3"
"51069","https://vgin.maps.arcgis.com/home/item.html?id=29627d7c051a47dc8ce71b4484531ab3"
"51071","https://vgin.maps.arcgis.com/home/item.html?id=29627d7c051a47dc8ce71b4484531ab3"
"51073","https://vgin.maps.arcgis.com/home/item.html?id=29627d7c051a47dc8ce71b4484531ab3"
"51075","https://vgin.maps.arcgis.com/home/item.html?id=29627d7c051a47dc8ce71b4484531ab3"
"51077","https://vgin.maps.arcgis.com/home/item.html?id=29627d7c051a47dc8ce71b4484531ab3"
"51079","https://vgin.maps.arcgis.com/home/item.html?id=29627d7c051a47dc8ce71b4484531ab3"
"51081","https://vgin.maps.arcgis.com/home/item.html?id=29627d7c051a47dc8ce71b4484531ab3"
"51083","https://vgin.maps.arcgis.com/home/item.html?id=29627d7c051a47dc8ce71b4484531ab3"
"51085","https://vgin.maps.arcgis.com/home/item.html?id=29627d7c051a47dc8ce71b4484531ab3"
"51087","https://vgin.maps.arcgis.com/home/item.html?id=29627d7c051a47dc8ce71b4484531ab3"
"51089","https://vgin.maps.arcgis.com/home/item.html?id=29627d7c051a47dc8ce71b4484531ab3"
"51091","https://vgin.maps.arcgis.com/home/item.html?id=29627d7c051a47dc8ce71b4484531ab3"
"51093","https://vgin.maps.arcgis.com/home/item.html?id=29627d7c051a47dc8ce71b4484531ab3"
"51095","https://vgin.maps.arcgis.com/home/item.html?id=29627d7c051a47dc8ce71b4484531ab3"
"51097","https://vgin.maps.arcgis.com/home/item.html?id=29627d7c051a47dc8ce71b4484531ab3"
"51099","https://vgin.maps.arcgis.com/home/item.html?id=29627d7c051a47dc8ce71b4484531ab3"
"51101","https://vgin.maps.arcgis.com/home/item.html?id=29627d7c051a47dc8ce71b4484531ab3"
"51103","https://vgin.maps.arcgis.com/home/item.html?id=29627d7c051a47dc8ce71b4484531ab3"
"51105","https://vgin.maps.arcgis.com/home/item.html?id=29627d7c051a47dc8ce71b4484531ab3"
"51107","https://vgin.maps.arcgis.com/home/item.html?id=29627d7c051a47dc8ce71b4484531ab3"
"51109","https://vgin.maps.arcgis.com/home/item.html?id=29627d7c051a47dc8ce71b4484531ab3"
"51111","https://vgin.maps.arcgis.com/home/item.html?id=29627d7c051a47dc8ce71b4484531ab3"
"51113","https://vgin.maps.arcgis.com/home/item.html?id=29627d7c051a47dc8ce71b4484531ab3"
"51115","https://vgin.maps.arcgis.com/home/item.html?id=29627d7c051a47dc8ce71b4484531ab3"
"51117","https://vgin.maps.arcgis.com/home/item.html?id=29627d7c051a47dc8ce71b4484531ab3"
"51119","https://vgin.maps.arcgis.com/home/item.html?id=29627d7c051a47dc8ce71b4484531ab3"
"51121","https://vgin.maps.arcgis.com/home/item.html?id=29627d7c051a47dc8ce71b4484531ab3"
"51125","https://vgin.maps.arcgis.com/home/item.html?id=29627d7c051a47dc8ce71b4484531ab3"
"51127","https://vgin.maps.arcgis.com/home/item.html?id=29627d7c051a47dc8ce71b4484531ab3"
"51131","https://vgin.maps.arcgis.com/home/item.html?id=29627d7c051a47dc8ce71b4484531ab3"
"51133","https://vgin.maps.arcgis.com/home/item.html?id=29627d7c051a47dc8ce71b4484531ab3"
"51135","https://vgin.maps.arcgis.com/home/item.html?id=29627d7c051a47dc8ce71b4484531ab3"
"51137","https://vgin.maps.arcgis.com/home/item.html?id=29627d7c051a47dc8ce71b4484531ab3"
"51139","https://vgin.maps.arcgis.com/home/item.html?id=29627d7c051a47dc8ce71b4484531ab3"
"51141","https://vgin.maps.arcgis.com/home/item.html?id=29627d7c051a47dc8ce71b4484531ab3"
"51143","https://vgin.maps.arcgis.com/home/item.html?id=29627d7c051a47dc8ce71b4484531ab3"
"51145","https://vgin.maps.arcgis.com/home/item.html?id=29627d7c051a47dc8ce71b4484531ab3"
"51147","https://vgin.maps.arcgis.com/home/item.html?id=29627d7c051a47dc8ce71b4484531ab3"
"51149","https://vgin.maps.arcgis.com/home/item.html?id=29627d7c051a47dc8ce71b4484531ab3"
"51153","https://vgin.maps.arcgis.com/home/item.html?id=29627d7c051a47dc8ce71b4484531ab3"
"51155","https://vgin.maps.arcgis.com/home/item.html?id=29627d7c051a47dc8ce71b4484531ab3"
"51157","https://vgin.maps.arcgis.com/home/item.html?id=29627d7c051a47dc8ce71b4484531ab3"
"51159","https://vgin.maps.arcgis.com/home/item.html?id=29627d7c051a47dc8ce71b4484531ab3"
"51161","https://vgin.maps.arcgis.com/home/item.html?id=29627d7c051a47dc8ce71b4484531ab3"
"51163","https://vgin.maps.arcgis.com/home/item.html?id=29627d7c051a47dc8ce71b4484531ab3"
"51165","https://vgin.maps.arcgis.com/home/item.html?id=29627d7c051a47dc8ce71b4484531ab3"
"51167","https://vgin.maps.arcgis.com/home/item.html?id=29627d7c051a47dc8ce71b4484531ab3"
"51169","https://vgin.maps.arcgis.com/home/item.html?id=29627d7c051a47dc8ce71b4484531ab3"
"51171","https://vgin.maps.arcgis.com/home/item.html?id=29627d7c051a47dc8ce71b4484531ab3"
"51173","https://vgin.maps.arcgis.com/home/item.html?id=29627d7c051a47dc8ce71b4484531ab3"
"51175","https://vgin.maps.arcgis.com/home/item.html?id=29627d7c051a47dc8ce71b4484531ab3"
"51177","https://vgin.maps.arcgis.com/home/item.html?id=29627d7c051a47dc8ce71b4484531ab3"
"51179","https://vgin.maps.arcgis.com/home/item.html?id=29627d7c051a47dc8ce71b4484531ab3"
"51181","https://vgin.maps.arcgis.com/home/item.html?id=29627d7c051a47dc8ce71b4484531ab3"
"51183","https://vgin.maps.arcgis.com/home/item.html?id=29627d7c051a47dc8ce71b4484531ab3"
"51185","https://vgin.maps.arcgis.com/home/item.html?id=29627d7c051a47dc8ce71b4484531ab3"
"51187","https://vgin.maps.arcgis.com/home/item.html?id=29627d7c051a47dc8ce71b4484531ab3"
"51191","https://vgin.maps.arcgis.com/home/item.html?id=29627d7c051a47dc8ce71b4484531ab3"
"51193","https://vgin.maps.arcgis.com/home/item.html?id=29627d7c051a47dc8ce71b4484531ab3"
"51195","https://vgin.maps.arcgis.com/home/item.html?id=29627d7c051a47dc8ce71b4484531ab3"
"51197","https://vgin.maps.arcgis.com/home/item.html?id=29627d7c051a47dc8ce71b4484531ab3"
"51199","https://vgin.maps.arcgis.com/home/item.html?id=29627d7c051a47dc8ce71b4484531ab3"
"51510","https://vgin.maps.arcgis.com/home/item.html?id=29627d7c051a47dc8ce71b4484531ab3"
"51520","https://vgin.maps.arcgis.com/home/item.html?id=29627d7c051a47dc8ce71b4484531ab3"
"51530","https://vgin.maps.arcgis.com/home/item.html?id=29627d7c051a47dc8ce71b4484531ab3"
"51540","https://vgin.maps.arcgis.com/home/item.html?id=29627d7c051a47dc8ce71b4484531ab3"
"51550","https://vgin.maps.arcgis.com/home/item.html?id=29627d7c051a47dc8ce71b4484531ab3"
"51570","https://vgin.maps.arcgis.com/home/item.html?id=29627d7c051a47dc8ce71b4484531ab3"
"51580","https://vgin.maps.arcgis.com/home/item.html?id=29627d7c051a47dc8ce71b4484531ab3"
"51590","https://vgin.maps.arcgis.com/home/item.html?id=29627d7c051a47dc8ce71b4484531ab3"
"51595","https://vgin.maps.arcgis.com/home/item.html?id=29627d7c051a47dc8ce71b4484531ab3"
"51600","https://vgin.maps.arcgis.com/home/item.html?id=29627d7c051a47dc8ce71b4484531ab3"
"51610","https://vgin.maps.arcgis.com/home/item.html?id=29627d7c051a47dc8ce71b4484531ab3"
"51620","https://vgin.maps.arcgis.com/home/item.html?id=29627d7c051a47dc8ce71b4484531ab3"
"51630","https://vgin.maps.arcgis.com/home/item.html?id=29627d7c051a47dc8ce71b4484531ab3"
"51640","https://vgin.maps.arcgis.com/home/item.html?id=29627d7c051a47dc8ce71b4484531ab3"
"51650","https://vgin.maps.arcgis.com/home/item.html?id=29627d7c051a47dc8ce71b4484531ab3"
"51660","https://vgin.maps.arcgis.com/home/item.html?id=29627d7c051a47dc8ce71b4484531ab3"
"51670","https://vgin.maps.arcgis.com/home/item.html?id=29627d7c051a47dc8ce71b4484531ab3"
"51678","https://vgin.maps.arcgis.com/home/item.html?id=29627d7c051a47dc8ce71b4484531ab3"
"51680","https://vgin.maps.arcgis.com/home/item.html?id=29627d7c051a47dc8ce71b4484531ab3"
"51683","https://vgin.maps.arcgis.com/home/item.html?id=29627d7c051a47dc8ce71b4484531ab3"
"51685","https://vgin.maps.arcgis.com/home/item.html?id=29627d7c051a47dc8ce71b4484531ab3"
"51690","https://vgin.maps.arcgis.com/home/item.html?id=29627d7c051a47dc8ce71b4484531ab3"
"51700","https://vgin.maps.arcgis.com/home/item.html?id=29627d7c051a47dc8ce71b4484531ab3"
"51710","https://vgin.maps.arcgis.com/home/item.html?id=29627d7c051a47dc8ce71b4484531ab3"
"51720","https://vgin.maps.arcgis.com/home/item.html?id=29627d7c051a47dc8ce71b4484531ab3"
"51730","https://vgin.maps.arcgis.com/home/item.html?id=29627d7c051a47dc8ce71b4484531ab3"
"51735","https://vgin.maps.arcgis.com/home/item.html?id=29627d7c051a47dc8ce71b4484531ab3"
"51740","https://vgin.maps.arcgis.com/home/item.html?id=29627d7c051a47dc8ce71b4484531ab3"
"51750","https://vgin.maps.arcgis.com/home/item.html?id=29627d7c051a47dc8ce71b4484531ab3"
"51760","https://vgin.maps.arcgis.com/home/item.html?id=29627d7c051a47dc8ce71b4484531ab3"
"51770","https://vgin.maps.arcgis.com/home/item.html?id=29627d7c051a47dc8ce71b4484531ab3"
"51775","https://vgin.maps.arcgis.com/home/item.html?id=29627d7c051a47dc8ce71b4484531ab3"
"51790","https://vgin.maps.arcgis.com/home/item.html?id=29627d7c051a47dc8ce71b4484531ab3"
"51800","https://vgin.maps.arcgis.com/home/item.html?id=29627d7c051a47dc8ce71b4484531ab3"
"51810","https://vgin.maps.arcgis.com/home/item.html?id=29627d7c051a47dc8ce71b4484531ab3"
"51820","https://vgin.maps.arcgis.com/home/item.html?id=29627d7c051a47dc8ce71b4484531ab3"
"51830","https://vgin.maps.arcgis.com/home/item.html?id=29627d7c051a47dc8ce71b4484531ab3"
"51840","https://vgin.maps.arcgis.com/home/item.html?id=29627d7c051a47dc8ce71b4484531ab3"
"53001","https://wa-geoservices.maps.arcgis.com/home/item.html?id=a8d4a6e2dea4480eb6d38267fcbcf577"
"53003","https://wa-geoservices.maps.arcgis.com/home/item.html?id=a8d4a6e2dea4480eb6d38267fcbcf577"
"53005","https://wa-geoservices.maps.arcgis.com/home/item.html?id=a8d4a6e2dea4480eb6d38267fcbcf577"
"53007","https://wa-geoservices.maps.arcgis.com/home/item.html?id=a8d4a6e2dea4480eb6d38267fcbcf577"
"53009","https://wa-geoservices.maps.arcgis.com/home/item.html?id=a8d4a6e2dea4480eb6d38267fcbcf577"
"53011","https://wa-geoservices.maps.arcgis.com/home/item.html?id=a8d4a6e2dea4480eb6d38267fcbcf577"
"53013","https://wa-geoservices.maps.arcgis.com/home/item.html?id=a8d4a6e2dea4480eb6d38267fcbcf577"
"53015","https://wa-geoservices.maps.arcgis.com/home/item.html?id=a8d4a6e2dea4480eb6d38267fcbcf577"
"53017","https://wa-geoservices.maps.arcgis.com/home/item.html?id=a8d4a6e2dea4480eb6d38267fcbcf577"
"53019","https://wa-geoservices.maps.arcgis.com/home/item.html?id=a8d4a6e2dea4480eb6d38267fcbcf577"
"53021","https://wa-geoservices.maps.arcgis.com/home/item.html?id=a8d4a6e2dea4480eb6d38267fcbcf577"
"53023","https://wa-geoservices.maps.arcgis.com/home/item.html?id=a8d4a6e2dea4480eb6d38267fcbcf577"
"53025","https://wa-geoservices.maps.arcgis.com/home/item.html?id=a8d4a6e2dea4480eb6d38267fcbcf577"
"53027","https://wa-geoservices.maps.arcgis.com/home/item.html?id=a8d4a6e2dea4480eb6d38267fcbcf577"
"53029","https://wa-geoservices.maps.arcgis.com/home/item.html?id=a8d4a6e2dea4480eb6d38267fcbcf577"
"53031","https://wa-geoservices.maps.arcgis.com/home/item.html?id=a8d4a6e2dea4480eb6d38267fcbcf577"
"53033","https://wa-geoservices.maps.arcgis.com/home/item.html?id=a8d4a6e2dea4480eb6d38267fcbcf577"
"53035","https://wa-geoservices.maps.arcgis.com/home/item.html?id=a8d4a6e2dea4480eb6d38267fcbcf577"
"53037","https://wa-geoservices.maps.arcgis.com/home/item.html?id=a8d4a6e2dea4480eb6d38267fcbcf577"
"53039","https://wa-geoservices.maps.arcgis.com/home/item.html?id=a8d4a6e2dea4480eb6d38267fcbcf577"
"53041","https://wa-geoservices.maps.arcgis.com/home/item.html?id=a8d4a6e2dea4480eb6d38267fcbcf577"
"53043","https://wa-geoservices.maps.arcgis.com/home/item.html?id=a8d4a6e2dea4480eb6d38267fcbcf577"
"53045","https://wa-geoservices.maps.arcgis.com/home/item.html?id=a8d4a6e2dea4480eb6d38267fcbcf577"
"53047","https://wa-geoservices.maps.arcgis.com/home/item.html?id=a8d4a6e2dea4480eb6d38267fcbcf577"
"53049","https://wa-geoservices.maps.arcgis.com/home/item.html?id=a8d4a6e2dea4480eb6d38267fcbcf577"
"53051","https://wa-geoservices.maps.arcgis.com/home/item.html?id=a8d4a6e2dea4480eb6d38267fcbcf577"
"53053","https://wa-geoservices.maps.arcgis.com/home/item.html?id=a8d4a6e2dea4480eb6d38267fcbcf577"
"53055","https://wa-geoservices.maps.arcgis.com/home/item.html?id=a8d4a6e2dea4480eb6d38267fcbcf577"
"53057","https://wa-geoservices.maps.arcgis.com/home/item.html?id=a8d4a6e2dea4480eb6d38267fcbcf577"
"53059","https://wa-geoservices.maps.arcgis.com/home/item.html?id=a8d4a6e2dea4480eb6d38267fcbcf577"
"53061","https://wa-geoservices.maps.arcgis.com/home/item.html?id=a8d4a6e2dea4480eb6d38267fcbcf577"
"53063","https://wa-geoservices.maps.arcgis.com/home/item.html?id=a8d4a6e2dea4480eb6d38267fcbcf577"
"53065","https://wa-geoservices.maps.arcgis.com/home/item.html?id=a8d4a6e2dea4480eb6d38267fcbcf577"
"53067","https://wa-geoservices.maps.arcgis.com/home/item.html?id=a8d4a6e2dea4480eb6d38267fcbcf577"
"53069","https://wa-geoservices.maps.arcgis.com/home/item.html?id=a8d4a6e2dea4480eb6d38267fcbcf577"
"53071","https://wa-geoservices.maps.arcgis.com/home/item.html?id=a8d4a6e2dea4480eb6d38267fcbcf577"
"53073","https://wa-geoservices.maps.arcgis.com/home/item.html?id=a8d4a6e2dea4480eb6d38267fcbcf577"
"53077","https://wa-geoservices.maps.arcgis.com/home/item.html?id=a8d4a6e2dea4480eb6d38267fcbcf577"
"54001","http://wvgis.wvu.edu/data/dataset.php?ID=371"
"54003","http://wvgis.wvu.edu/data/dataset.php?ID=371"
"54005","http://wvgis.wvu.edu/data/dataset.php?ID=371"
"54007","http://wvgis.wvu.edu/data/dataset.php?ID=371"
"54009","http://wvgis.wvu.edu/data/dataset.php?ID=371"
"54011","http://wvgis.wvu.edu/data/dataset.php?ID=371"
"54013","http://wvgis.wvu.edu/data/dataset.php?ID=371"
"54015","http://wvgis.wvu.edu/data/dataset.php?ID=371"
"54017","http://wvgis.wvu.edu/data/dataset.php?ID=371"
"54019","http://wvgis.wvu.edu/data/dataset.php?ID=371"
"54021","http://wvgis.wvu.edu/data/dataset.php?ID=371"
"54023","http://wvgis.wvu.edu/data/dataset.php?ID=371"
"54025","http://wvgis.wvu.edu/data/dataset.php?ID=371"
"54027","http://wvgis.wvu.edu/data/dataset.php?ID=371"
"54029","http://wvgis.wvu.edu/data/dataset.php?ID=371"
"54031","http://wvgis.wvu.edu/data/dataset.php?ID=371"
"54033","http://wvgis.wvu.edu/data/dataset.php?ID=371"
"54035","http://wvgis.wvu.edu/data/dataset.php?ID=371"
"54037","http://wvgis.wvu.edu/data/dataset.php?ID=371"
"54039","http://wvgis.wvu.edu/data/dataset.php?ID=371"
"54041","http://wvgis.wvu.edu/data/dataset.php?ID=371"
"54043","http://wvgis.wvu.edu/data/dataset.php?ID=371"
"54045","http://wvgis.wvu.edu/data/dataset.php?ID=371"
"54047","http://wvgis.wvu.edu/data/dataset.php?ID=371"
"54049","http://wvgis.wvu.edu/data/dataset.php?ID=371"
"54051","http://wvgis.wvu.edu/data/dataset.php?ID=371"
"54053","http://wvgis.wvu.edu/data/dataset.php?ID=371"
"54055","http://wvgis.wvu.edu/data/dataset.php?ID=371"
"54057","http://wvgis.wvu.edu/data/dataset.php?ID=371"
"54059","http://wvgis.wvu.edu/data/dataset.php?ID=371"
"54061","http://wvgis.wvu.edu/data/dataset.php?ID=371"
"54063","http://wvgis.wvu.edu/data/dataset.php?ID=371"
"54065","http://wvgis.wvu.edu/data/dataset.php?ID=371"
"54067","http://wvgis.wvu.edu/data/dataset.php?ID=371"
"54069","http://wvgis.wvu.edu/data/dataset.php?ID=371"
"54071","http://wvgis.wvu.edu/data/dataset.php?ID=371"
"54073","http://wvgis.wvu.edu/data/dataset.php?ID=371"
"54075","http://wvgis.wvu.edu/data/dataset.php?ID=371"
"54077","http://wvgis.wvu.edu/data/dataset.php?ID=371"
"54079","http://wvgis.wvu.edu/data/dataset.php?ID=371"
"54081","http://wvgis.wvu.edu/data/dataset.php?ID=371"
"54083","http://wvgis.wvu.edu/data/dataset.php?ID=371"
"54085","http://wvgis.wvu.edu/data/dataset.php?ID=371"
"54087","http://wvgis.wvu.edu/data/dataset.php?ID=371"
"54089","http://wvgis.wvu.edu/data/dataset.php?ID=371"
"54091","http://wvgis.wvu.edu/data/dataset.php?ID=371"
"54093","http://wvgis.wvu.edu/data/dataset.php?ID=371"
"54095","http://wvgis.wvu.edu/data/dataset.php?ID=371"
"54097","http://wvgis.wvu.edu/data/dataset.php?ID=371"
"54099","http://wvgis.wvu.edu/data/dataset.php?ID=371"
"54101","http://wvgis.wvu.edu/data/dataset.php?ID=371"
"54103","http://wvgis.wvu.edu/data/dataset.php?ID=371"
"54105","http://wvgis.wvu.edu/data/dataset.php?ID=371"
"54107","http://wvgis.wvu.edu/data/dataset.php?ID=371"
"54109","http://wvgis.wvu.edu/data/dataset.php?ID=371"
